time,q_cmd,q_meas,theta_cmd,theta_meas
0.005,0,0,0,0
0.01,0,0,0,0
0.015,0,0,0,0
0.02,0,0,0,0
0.025,0,0,0,0
0.03,0,0,0,0
0.035,0,-0.0191794,0.00942305,-0.0191794
0.04,0,-0.0191794,0.00916666,-0.0191794
0.045,0,-0.0191794,0.00894888,-0.0191794
0.05,0,-0.0191794,0.00876636,-0.0191794
0.055,0,-0.0191794,0.00861609,-0.0191794
0.06,0,-0.0191794,0.00849528,-0.0191794
0.065,0,-0.0176451,0.00764755,-0.0176451
0.07,0,-0.0176451,0.00759878,-0.0176451
0.075,0,-0.0176451,0.00756941,-0.0176451
0.08,0,-0.0176451,0.00755777,-0.0176451
0.085,0,-0.0176451,0.00756233,-0.0176451
0.09,0,-0.0176451,0.00758169,-0.0176451
0.095,0,-0.0176451,0.00761459,-0.0176451
0.1,0,-0.00997331,0.00389062,-0.00997331
0.105,0,-0.00997331,0.00404974,-0.00997331
0.11,0,-0.00997331,0.00420374,-0.00997331
0.115,0,-0.00997331,0.00435306,-0.00997331
0.12,0,-0.00997331,0.00449811,-0.00997331
0.125,0,-0.00997331,0.00463926,-0.00997331
0.13,0,-0.00383589,0.00176147,-0.00383589
0.135,0,-0.00383589,0.00197784,-0.00383589
0.14,0,-0.00383589,0.00217887,-0.00383589
0.145,0,-0.00383589,0.0023659,-0.00383589
0.15,0,-0.00383589,0.00254012,-0.00383589
0.155,0,-0.00383589,0.00270264,-0.00383589
0.16,0,-0.00383589,0.00285446,-0.00383589
0.165,0,-0.000767178,0.00148883,-0.000767178
0.17,0,-0.000767178,0.00166297,-0.000767178
0.175,0,-0.000767178,0.00182277,-0.000767178
0.18,0,-0.000767178,0.00196948,-0.000767178
0.185,0,-0.000767178,0.0021042,-0.000767178
0.19,0,-0.000767178,0.00222799,-0.000767178
0.195,0,0.00230153,0.00083408,0.00230153
0.2,0,0.00230153,0.000979746,0.00230153
0.205,0,0.00230153,0.00111088,0.00230153
0.21,0,0.00230153,0.00122874,0.00230153
0.215,0,0.00230153,0.00133447,0.00230153
0.22,0,0.00230153,0.00142911,0.00230153
0.225,0,0.00383589,0.000759769,0.00383589
0.23,0,0.00383589,0.000855524,0.00383589
0.235,0,0.00383589,0.000939728,0.00383589
0.24,0,0.00383589,0.00101338,0.00383589
0.245,0,0.00383589,0.00107738,0.00383589
0.25,0,0.00383589,0.00113256,0.00383589
0.255,0,0.00383589,0.00117969,0.00383589
0.26,0,0.00383589,0.00121945,0.00383589
0.265,0,0.00383589,0.00125249,0.00383589
0.27,0,0.00383589,0.00127937,0.00383589
0.275,0,0.00383589,0.00130064,0.00383589
0.28,0,0.00383589,0.00131677,0.00383589
0.285,0,0.00383589,0.00132821,0.00383589
0.29,0,0.00383589,0.00133536,0.00383589
0.295,0,0.00383589,0.00133859,0.00383589
0.3,0,0.00383589,0.00133823,0.00383589
0.305,0,0.00383589,0.00133461,0.00383589
0.31,0,0.00383589,0.00132799,0.00383589
0.315,0,0.00383589,0.00131864,0.00383589
0.32,0,0.00383589,0.00130679,0.00383589
0.325,0,0.00230153,0.0020465,0.00230153
0.33,0,0.00230153,0.00200977,0.00230153
0.335,0,0.00230153,0.00197422,0.00230153
0.34,0,0.00230153,0.00193975,0.00230153
0.345,0,0.00230153,0.00190627,0.00230153
0.35,0,0.00230153,0.00187368,0.00230153
0.355,0,0.00230153,0.00184193,0.00230153
0.36,0,0.00230153,0.00181092,0.00230153
0.365,0,0.00230153,0.0017806,0.00230153
0.37,0,0.00230153,0.00175092,0.00230153
0.375,0,0.00230153,0.0017218,0.00230153
0.38,0,0.00230153,0.00169322,0.00230153
0.385,0,0.00230153,0.00166511,0.00230153
0.39,0,0.00230153,0.00163744,0.00230153
0.395,0,0.00230153,0.00161017,0.00230153
0.4,0,0.00230153,0.00158327,0.00230153
0.405,0,0.00230153,0.0015567,0.00230153
0.41,0,0.00230153,0.00153044,0.00230153
0.415,0,0.00230153,0.00150446,0.00230153
0.42,0,0.00230153,0.00147873,0.00230153
0.425,0,0.00230153,0.00145324,0.00230153
0.43,0,0.00230153,0.00142796,0.00230153
0.435,0,0.00230153,0.00140287,0.00230153
0.44,0,0.00230153,0.00137797,0.00230153
0.445,0,0.00230153,0.00135322,0.00230153
0.45,0,0.00230153,0.00132863,0.00230153
0.455,0,0.00230153,0.00130417,0.00230153
0.46,0,0.00230153,0.00127984,0.00230153
0.465,0,0.00230153,0.00125562,0.00230153
0.47,0,0.00230153,0.0012315,0.00230153
0.475,0,0.00230153,0.00120748,0.00230153
0.48,0,0.00230153,0.00118354,0.00230153
0.485,0,0.00230153,0.00115969,0.00230153
0.49,0,0.00230153,0.0011359,0.00230153
0.495,0,0.00230153,0.00111219,0.00230153
0.5,0,0.00230153,0.00108853,0.00230153
0.505,0,0.00230153,0.00106493,0.00230153
0.51,0,0.00230153,0.00104138,0.00230153
0.515,0,0.00230153,0.00101787,0.00230153
0.52,0,0.00230153,0.000994408,0.00230153
0.525,0,0.00230153,0.000970983,0.00230153
0.53,0,0.00230153,0.000947594,0.00230153
0.535,0,0.00230153,0.000924237,0.00230153
0.54,0,0.00230153,0.00090091,0.00230153
0.545,0,0.00230153,0.000877609,0.00230153
0.55,0,0.00230153,0.000854333,0.00230153
0.555,0,0.00230153,0.00083108,0.00230153
0.56,0,0.00230153,0.000807847,0.00230153
0.565,0,0.00230153,0.000784632,0.00230153
0.57,0,0.00230153,0.000761435,0.00230153
0.575,0,0.00230153,0.000738254,0.00230153
0.58,0,0.00230153,0.000715087,0.00230153
0.585,0,0.00230153,0.000691932,0.00230153
0.59,0,0.00230153,0.00066879,0.00230153
0.595,0,0.00230153,0.000645659,0.00230153
0.6,0,0.00230153,0.000622538,0.00230153
0.605,0,0.00230153,0.000599426,0.00230153
0.61,0,0.00230153,0.000576322,0.00230153
0.615,0,0.00230153,0.000553226,0.00230153
0.62,0,0.00230153,0.000530136,0.00230153
0.625,0,0.00230153,0.000507054,0.00230153
0.63,0,0.00230153,0.000483977,0.00230153
0.635,0,0.00230153,0.000460905,0.00230153
0.64,0,0.00230153,0.000437838,0.00230153
0.645,0,0.00230153,0.000414776,0.00230153
0.65,0,0.00230153,0.000391717,0.00230153
0.655,0,0.00230153,0.000368663,0.00230153
0.66,0,0.00230153,0.000345611,0.00230153
0.665,0,0.00230153,0.000322563,0.00230153
0.67,0,0.00230153,0.000299518,0.00230153
0.675,0,0.00230153,0.000276475,0.00230153
0.68,0,0.00230153,0.000253435,0.00230153
0.685,0,0.00230153,0.000230396,0.00230153
0.69,0,0.00230153,0.00020736,0.00230153
0.695,0,0.00230153,0.000184326,0.00230153
0.7,0,0.00230153,0.000161293,0.00230153
0.705,0,0.00230153,0.000138262,0.00230153
0.71,0,0.00230153,0.000115232,0.00230153
0.715,0,0.00230153,9.22029e-05,0.00230153
0.72,0,0.00230153,6.91754e-05,0.00230153
0.725,0,0.00230153,4.61489e-05,0.00230153
0.73,0,0.00230153,2.31234e-05,0.00230153
0.735,0,0.00230153,9.8759e-08,0.00230153
0.74,0,0.00230153,-2.29251e-05,0.00230153
0.745,0,0.00230153,-4.59482e-05,0.00230153
0.75,0,0.00230153,-6.89706e-05,0.00230153
0.755,0,0.00230153,-9.19924e-05,0.00230153
0.76,0,0.00230153,-0.000115014,0.00230153
0.765,0,0.00230153,-0.000138034,0.00230153
0.77,0,0.00230153,-0.000161055,0.00230153
0.775,0,0.00230153,-0.000184075,0.00230153
0.78,0,0.00230153,-0.000207094,0.00230153
0.785,0,0.00230153,-0.000230113,0.00230153
0.79,0,0.00230153,-0.000253132,0.00230153
0.795,0,0.00230153,-0.00027615,0.00230153
0.8,0,0.00230153,-0.000299169,0.00230153
0.805,0,0.00230153,-0.000322187,0.00230153
0.81,0,0.00230153,-0.000345204,0.00230153
0.815,0,0.00230153,-0.000368222,0.00230153
0.82,0,0.00230153,-0.000391239,0.00230153
0.825,0,0.00230153,-0.000414256,0.00230153
0.83,0,0.00230153,-0.000437273,0.00230153
0.835,0,0.00230153,-0.00046029,0.00230153
0.84,0,0.00230153,-0.000483307,0.00230153
0.845,0,0.00230153,-0.000506324,0.00230153
0.85,0,0.00230153,-0.00052934,0.00230153
0.855,0,0.00230153,-0.000552357,0.00230153
0.86,0,0.00230153,-0.000575373,0.00230153
0.865,0,0.00230153,-0.000598389,0.00230153
0.87,0,0.00230153,-0.000621405,0.00230153
0.875,0,0.00230153,-0.000644421,0.00230153
0.88,0,0.00230153,-0.000667437,0.00230153
0.885,0,0.00230153,-0.000690453,0.00230153
0.89,0,0.00230153,-0.000713469,0.00230153
0.895,0,0.00230153,-0.000736485,0.00230153
0.9,0,0.000767178,-5.65652e-06,0.000767178
0.905,0,0.000767178,-4.91835e-05,0.000767178
0.91,0,0.000767178,-8.96223e-05,0.000767178
0.915,0,0.000767178,-0.000127239,0.000767178
0.92,0,0.000767178,-0.000162276,0.000767178
0.925,0,0.000767178,-0.000194957,0.000767178
0.93,0,0.00230153,-0.000979328,0.00230153
0.935,0,0.00230153,-0.000987374,0.00230153
0.94,0,0.00230153,-0.00099671,0.00230153
0.945,0,0.00230153,-0.00100722,0.00230153
0.95,0,0.00230153,-0.00101882,0.00230153
0.955,0,0.00230153,-0.00103139,0.00230153
0.96,0,0.00230153,-0.00104486,0.00230153
0.965,0,0.00230153,-0.00105916,0.00230153
0.97,0,0.00230153,-0.00107421,0.00230153
0.975,0,0.00230153,-0.00108994,0.00230153
0.98,0,0.00230153,-0.0011063,0.00230153
0.985,0,0.00230153,-0.00112323,0.00230153
0.99,0,0.00230153,-0.00114069,0.00230153
0.995,0,0.00230153,-0.00115863,0.00230153
1,0,0.00230153,-0.001177,0.00230153
1.005,0,0.00230153,-0.00119577,0.00230153
1.01,0,0.00230153,-0.00121491,0.00230153
1.015,0,0.00230153,-0.00123439,0.00230153
1.02,0,0.00230153,-0.00125416,0.00230153
1.025,0,0.000767178,-0.000520376,0.000767178
1.03,0,0.000767178,-0.000561199,0.000767178
1.035,0,0.000767178,-0.000599166,0.000767178
1.04,0,0.000767178,-0.000634524,0.000767178
1.045,0,0.000767178,-0.000667498,0.000767178
1.05,0,0.000767178,-0.000698292,0.000767178
1.055,0,0.000767178,-0.000727095,0.000767178
1.06,0,0.000767178,-0.000754077,0.000767178
1.065,0,0.000767178,-0.000779397,0.000767178
1.07,0,0.000767178,-0.000803196,0.000767178
1.075,0,0.000767178,-0.000825607,0.000767178
1.08,0,0.000767178,-0.000846747,0.000767178
1.085,0,0.000767178,-0.000866728,0.000767178
1.09,0,0.000767178,-0.000885649,0.000767178
1.095,0,0.000767178,-0.000903601,0.000767178
1.1,0,0.000767178,-0.000920667,0.000767178
1.105,0,0.000767178,-0.000936924,0.000767178
1.11,0,0.000767178,-0.000952442,0.000767178
1.115,0,0.000767178,-0.000967284,0.000767178
1.12,0,0.000767178,-0.000981508,0.000767178
1.125,0,0.000767178,-0.000995168,0.000767178
1.13,0,0.000767178,-0.00100831,0.000767178
1.135,0,0.000767178,-0.00102099,0.000767178
1.14,0,0.000767178,-0.00103323,0.000767178
1.145,0,0.000767178,-0.00104508,0.000767178
1.15,0,0.000767178,-0.00105656,0.000767178
1.155,0,0.000767178,-0.00106772,0.000767178
1.16,0,0.000767178,-0.00107858,0.000767178
1.165,0,0.000767178,-0.00108917,0.000767178
1.17,0,0.000767178,-0.0010995,0.000767178
1.175,0,0.000767178,-0.00110961,0.000767178
1.18,0,0.000767178,-0.0011195,0.000767178
1.185,0,0.000767178,-0.00112921,0.000767178
1.19,0,0.000767178,-0.00113874,0.000767178
1.195,0,0.000767178,-0.0011481,0.000767178
1.2,0,0.000767178,-0.00115733,0.000767178
1.205,0,0.000767178,-0.00116642,0.000767178
1.21,0,0.000767178,-0.00117538,0.000767178
1.215,0,0.000767178,-0.00118424,0.000767178
1.22,0,0.000767178,-0.00119299,0.000767178
1.225,0,0.000767178,-0.00120165,0.000767178
1.23,0,0.000767178,-0.00121023,0.000767178
1.235,0,0.000767178,-0.00121872,0.000767178
1.24,0,0.000767178,-0.00122715,0.000767178
1.245,0,0.000767178,-0.00123551,0.000767178
1.25,0,0.000767178,-0.00124381,0.000767178
1.255,0,0.000767178,-0.00125206,0.000767178
1.26,0,0.000767178,-0.00126026,0.000767178
1.265,0,0.000767178,-0.00126841,0.000767178
1.27,0,0.000767178,-0.00127652,0.000767178
1.275,0,0.000767178,-0.0012846,0.000767178
1.28,0,0.000767178,-0.00129264,0.000767178
1.285,0,-0.000767178,-0.000546799,-0.000767178
1.29,0,-0.000767178,-0.000575288,-0.000767178
1.295,0,-0.000767178,-0.000600663,-0.000767178
1.3,0,-0.000767178,-0.000623192,-0.000767178
1.305,0,-0.000767178,-0.000643119,-0.000767178
1.31,0,-0.000767178,-0.00066067,-0.000767178
1.315,0,0.000767178,-0.00142989,0.000767178
1.32,0,0.000767178,-0.00142277,0.000767178
1.325,0,0.000767178,-0.00141693,0.000767178
1.33,0,0.000767178,-0.00141225,0.000767178
1.335,0,0.000767178,-0.00140863,0.000767178
1.34,0,0.000767178,-0.00140599,0.000767178
1.345,0,0.000767178,-0.00140423,0.000767178
1.35,0,0.000767178,-0.00140329,0.000767178
1.355,0,0.000767178,-0.00140309,0.000767178
1.36,0,0.000767178,-0.00140356,0.000767178
1.365,0,0.000767178,-0.00140466,0.000767178
1.37,0,0.000767178,-0.00140632,0.000767178
1.375,0,0.000767178,-0.0014085,0.000767178
1.38,0,0.000767178,-0.00141115,0.000767178
1.385,0,0.000767178,-0.00141424,0.000767178
1.39,0,0.000767178,-0.00141772,0.000767178
1.395,0,0.000767178,-0.00142156,0.000767178
1.4,0,0.000767178,-0.00142573,0.000767178
1.405,0,0.000767178,-0.00143021,0.000767178
1.41,0,0.000767178,-0.00143495,0.000767178
1.415,0,0.000767178,-0.00143995,0.000767178
1.42,0,0.000767178,-0.00144518,0.000767178
1.425,0,0.000767178,-0.00145062,0.000767178
1.43,0,0.000767178,-0.00145626,0.000767178
1.435,0,0.000767178,-0.00146207,0.000767178
1.44,0,0.000767178,-0.00146803,0.000767178
1.445,0,0.000767178,-0.00147415,0.000767178
1.45,0,0.000767178,-0.0014804,0.000767178
1.455,0,0.000767178,-0.00148677,0.000767178
1.46,0,0.000767178,-0.00149326,0.000767178
1.465,0,0.000767178,-0.00149984,0.000767178
1.47,0,0.000767178,-0.00150652,0.000767178
1.475,0,-0.000767178,-0.000759443,-0.000767178
1.48,0,-0.000767178,-0.000786797,-0.000767178
1.485,0,-0.000767178,-0.000811135,-0.000767178
1.49,0,-0.000767178,-0.000832716,-0.000767178
1.495,0,-0.000767178,-0.000851777,-0.000767178
1.5,0,-0.000767178,-0.000868536,-0.000767178
1.505,0,0.000767178,-0.00163703,0.000767178
1.51,0,0.000767178,-0.00162925,0.000767178
1.515,0,0.000767178,-0.00162281,0.000767178
1.52,0,0.000767178,-0.00161757,0.000767178
1.525,0,0.000767178,-0.00161345,0.000767178
1.53,0,0.000767178,-0.00161035,0.000767178
1.535,0,0.000767178,-0.00160817,0.000767178
1.54,0,-0.000767178,-0.000852996,-0.000767178
1.545,0,-0.000767178,-0.000872954,-0.000767178
1.55,0,-0.000767178,-0.000890532,-0.000767178
1.555,0,-0.000767178,-0.000905935,-0.000767178
1.56,0,-0.000767178,-0.00091935,-0.000767178
1.565,0,-0.000767178,-0.00093095,-0.000767178
1.57,0,0.000767178,-0.00169473,0.000767178
1.575,0,0.000767178,-0.00168264,0.000767178
1.58,0,0.000767178,-0.00167226,0.000767178
1.585,0,0.000767178,-0.00166343,0.000767178
1.59,0,0.000767178,-0.00165602,0.000767178
1.595,0,0.000767178,-0.00164991,0.000767178
1.6,0,0.000767178,-0.00164498,0.000767178
1.605,0,-0.000767178,-0.000887299,-0.000767178
1.61,0,-0.000767178,-0.000904963,-0.000767178
1.615,0,-0.000767178,-0.000920445,-0.000767178
1.62,0,-0.000767178,-0.000933932,-0.000767178
1.625,0,-0.000767178,-0.000945597,-0.000767178
1.63,0,-0.000767178,-0.000955597,-0.000767178
1.635,0,-0.000767178,-0.000964074,-0.000767178
1.64,0,-0.000767178,-0.000971161,-0.000767178
1.645,0,-0.000767178,-0.000976976,-0.000767178
1.65,0,-0.000767178,-0.00098163,-0.000767178
1.655,0,-0.000767178,-0.000985222,-0.000767178
1.66,0,-0.000767178,-0.000987844,-0.000767178
1.665,0,-0.000767178,-0.000989579,-0.000767178
1.67,0,-0.000767178,-0.000990505,-0.000767178
1.675,0,-0.000767178,-0.000990689,-0.000767178
1.68,0,-0.000767178,-0.000990197,-0.000767178
1.685,0,-0.000767178,-0.000989087,-0.000767178
1.69,0,-0.000767178,-0.000987411,-0.000767178
1.695,0,-0.000767178,-0.000985219,-0.000767178
1.7,0,-0.000767178,-0.000982555,-0.000767178
1.705,0,-0.000767178,-0.00097946,-0.000767178
1.71,0,-0.000767178,-0.000975971,-0.000767178
1.715,0,-0.000767178,-0.000972121,-0.000767178
1.72,0,-0.000767178,-0.000967942,-0.000767178
1.725,0,-0.000767178,-0.000963462,-0.000767178
1.73,0,-0.000767178,-0.000958708,-0.000767178
1.735,0,-0.000767178,-0.000953702,-0.000767178
1.74,0,-0.000767178,-0.000948466,-0.000767178
1.745,0,-0.000767178,-0.000943021,-0.000767178
1.75,0,-0.000767178,-0.000937384,-0.000767178
1.755,0,-0.000767178,-0.000931571,-0.000767178
1.76,0,-0.000767178,-0.000925599,-0.000767178
1.765,0,-0.000767178,-0.00091948,-0.000767178
1.77,0,-0.000767178,-0.000913227,-0.000767178
1.775,0,-0.000767178,-0.000906852,-0.000767178
1.78,0,-0.000767178,-0.000900366,-0.000767178
1.785,0,-0.000767178,-0.000893777,-0.000767178
1.79,0,-0.000767178,-0.000887095,-0.000767178
1.795,0,0.000767178,-0.00163417,0.000767178
1.8,0,0.000767178,-0.00160682,0.000767178
1.805,0,0.000767178,-0.00158248,0.000767178
1.81,0,0.000767178,-0.00156089,0.000767178
1.815,0,0.000767178,-0.00154183,0.000767178
1.82,0,0.000767178,-0.00152507,0.000767178
1.825,0,-0.000767178,-0.000756572,-0.000767178
1.83,0,-0.000767178,-0.000764351,-0.000767178
1.835,0,-0.000767178,-0.000770799,-0.000767178
1.84,0,-0.000767178,-0.00077603,-0.000767178
1.845,0,-0.000767178,-0.000780151,-0.000767178
1.85,0,-0.000767178,-0.000783255,-0.000767178
1.855,0,-0.000767178,-0.000785432,-0.000767178
1.86,0,0.000767178,-0.0015406,0.000767178
1.865,0,0.000767178,-0.00152065,0.000767178
1.87,0,0.000767178,-0.00150307,0.000767178
1.875,0,0.000767178,-0.00148766,0.000767178
1.88,0,0.000767178,-0.00147425,0.000767178
1.885,0,0.000767178,-0.00146265,0.000767178
1.89,0,-0.000767178,-0.000698865,-0.000767178
1.895,0,-0.000767178,-0.000710953,-0.000767178
1.9,0,-0.000767178,-0.000721339,-0.000767178
1.905,0,-0.000767178,-0.00073017,-0.000767178
1.91,0,-0.000767178,-0.00073758,-0.000767178
1.915,0,-0.000767178,-0.00074369,-0.000767178
1.92,0,-0.000767178,-0.000748614,-0.000767178
1.925,0,-0.000767178,-0.000752453,-0.000767178
1.93,0,-0.000767178,-0.0007553,-0.000767178
1.935,0,-0.000767178,-0.000757241,-0.000767178
1.94,0,-0.000767178,-0.000758354,-0.000767178
1.945,0,-0.000767178,-0.000758711,-0.000767178
1.95,0,-0.000767178,-0.000758376,-0.000767178
1.955,0,-0.000767178,-0.00075741,-0.000767178
1.96,0,-0.000767178,-0.000755865,-0.000767178
1.965,0,-0.000767178,-0.000753793,-0.000767178
1.97,0,-0.000767178,-0.000751239,-0.000767178
1.975,0,-0.000767178,-0.000748244,-0.000767178
1.98,0,-0.000767178,-0.000744846,-0.000767178
1.985,0,0.000767178,-0.00149492,0.000767178
1.99,0,0.000767178,-0.00147031,0.000767178
1.995,0,0.000767178,-0.00144848,0.000767178
2,0,0.000767178,-0.00142919,0.000767178
2.005,0,0.000767178,-0.00141222,0.000767178
2.01,0,0.000767178,-0.00139737,0.000767178
2.015,0,0.000767178,-0.00138446,0.000767178
2.02,0,-0.000767178,-0.000619483,-0.000767178
2.025,0,-0.000767178,-0.000630479,-0.000767178
2.03,0,-0.000767178,-0.000639867,-0.000767178
2.035,0,-0.000767178,-0.000647786,-0.000767178
2.04,0,-0.000767178,-0.000654362,-0.000767178
2.045,0,-0.000767178,-0.000659711,-0.000767178
2.05,0,0.000767178,-0.00141778,0.000767178
2.055,0,0.000767178,-0.00140047,0.000767178
2.06,0,0.000767178,-0.00138532,0.000767178
2.065,0,0.000767178,-0.00137213,0.000767178
2.07,0,0.000767178,-0.00136073,0.000767178
2.075,0,0.000767178,-0.00135098,0.000767178
2.08,0,0.000767178,-0.00134273,0.000767178
2.085,0,-0.000767178,-0.000582005,-0.000767178
2.09,0,-0.000767178,-0.00059689,-0.000767178
2.095,0,-0.000767178,-0.000609832,-0.000767178
2.1,0,-0.000767178,-0.000620999,-0.000767178
2.105,0,-0.000767178,-0.000630543,-0.000767178
2.11,0,-0.000767178,-0.000638604,-0.000767178
2.115,0,-0.000767178,-0.00064531,-0.000767178
2.12,0,-0.000767178,-0.000650778,-0.000767178
2.125,0,-0.000767178,-0.000655114,-0.000767178
2.13,0,-0.000767178,-0.000658416,-0.000767178
2.135,0,-0.000767178,-0.000660773,-0.000767178
2.14,0,-0.000767178,-0.000662265,-0.000767178
2.145,0,-0.000767178,-0.000662969,-0.000767178
2.15,0,-0.000767178,-0.000662951,-0.000767178
2.155,0,-0.000767178,-0.000662274,-0.000767178
2.16,0,-0.000767178,-0.000660995,-0.000767178
2.165,0,-0.000767178,-0.000659165,-0.000767178
2.17,0,-0.000767178,-0.000656831,-0.000767178
2.175,0,-0.000767178,-0.000654038,-0.000767178
2.18,0,-0.000767178,-0.000650825,-0.000767178
2.185,0,-0.000767178,-0.000647228,-0.000767178
2.19,0,-0.000767178,-0.00064328,-0.000767178
2.195,0,-0.000767178,-0.000639011,-0.000767178
2.2,0,-0.000767178,-0.000634449,-0.000767178
2.205,0,-0.000767178,-0.000629619,-0.000767178
2.21,0,-0.000767178,-0.000624544,-0.000767178
2.215,0,-0.000767178,-0.000619246,-0.000767178
2.22,0,-0.000767178,-0.000613743,-0.000767178
2.225,0,-0.000767178,-0.000608054,-0.000767178
2.23,0,-0.000767178,-0.000602193,-0.000767178
2.235,0,-0.000767178,-0.000596177,-0.000767178
2.24,0,-0.000767178,-0.000590018,-0.000767178
2.245,0,-0.000767178,-0.000583729,-0.000767178
2.25,0,-0.000767178,-0.000577321,-0.000767178
2.255,0,-0.000767178,-0.000570804,-0.000767178
2.26,0,-0.000767178,-0.000564187,-0.000767178
2.265,0,-0.000767178,-0.00055748,-0.000767178
2.27,0,-0.000767178,-0.000550689,-0.000767178
2.275,0,0.000767178,-0.00129767,0.000767178
2.28,0,0.000767178,-0.00127022,0.000767178
2.285,0,0.000767178,-0.0012458,0.000767178
2.29,0,0.000767178,-0.00122414,0.000767178
2.295,0,0.000767178,-0.00120501,0.000767178
2.3,0,0.000767178,-0.00118818,0.000767178
2.305,0,-0.000767178,-0.000419627,-0.000767178
2.31,0,-0.000767178,-0.000427353,-0.000767178
2.315,0,-0.000767178,-0.000433753,-0.000767178
2.32,0,-0.000767178,-0.00043894,-0.000767178
2.325,0,-0.000767178,-0.00044302,-0.000767178
2.33,0,-0.000767178,-0.000446088,-0.000767178
2.335,0,-0.000767178,-0.000448231,-0.000767178
2.34,0,-0.000767178,-0.000449529,-0.000767178
2.345,0,-0.000767178,-0.000450054,-0.000767178
2.35,0,-0.000767178,-0.000449873,-0.000767178
2.355,0,-0.000767178,-0.000449047,-0.000767178
2.36,0,-0.000767178,-0.000447631,-0.000767178
2.365,0,-0.000767178,-0.000445676,-0.000767178
2.37,0,-0.000767178,-0.000443229,-0.000767178
2.375,0,-0.000767178,-0.000440332,-0.000767178
2.38,0,-0.000767178,-0.000437024,-0.000767178
2.385,0,-0.000767178,-0.00043334,-0.000767178
2.39,0,-0.000767178,-0.000429312,-0.000767178
2.395,0,-0.000767178,-0.000424971,-0.000767178
2.4,0,-0.000767178,-0.000420342,-0.000767178
2.405,0,-0.000767178,-0.000415452,-0.000767178
2.41,0,-0.000767178,-0.000410322,-0.000767178
2.415,0,-0.000767178,-0.000404973,-0.000767178
2.42,0,-0.000767178,-0.000399424,-0.000767178
2.425,0,-0.000767178,-0.000393692,-0.000767178
2.43,0,-0.000767178,-0.000387793,-0.000767178
2.435,0,-0.000767178,-0.000381742,-0.000767178
2.44,0,-0.000767178,-0.000375551,-0.000767178
2.445,0,-0.000767178,-0.000369232,-0.000767178
2.45,0,-0.000767178,-0.000362797,-0.000767178
2.455,0,-0.000767178,-0.000356255,-0.000767178
2.46,0,-0.000767178,-0.000349616,-0.000767178
2.465,0,-0.000767178,-0.000342888,-0.000767178
2.47,0,-0.000767178,-0.000336079,-0.000767178
2.475,0,-0.000767178,-0.000329195,-0.000767178
2.48,0,-0.000767178,-0.000322244,-0.000767178
2.485,0,-0.000767178,-0.00031523,-0.000767178
2.49,0,-0.000767178,-0.00030816,-0.000767178
2.495,0,-0.000767178,-0.000301038,-0.000767178
2.5,0,-0.000767178,-0.000293869,-0.000767178
2.505,0,-0.000767178,-0.000286656,-0.000767178
2.51,0,-0.000767178,-0.000279404,-0.000767178
2.515,0,-0.000767178,-0.000272115,-0.000767178
2.52,0,-0.000767178,-0.000264794,-0.000767178
2.525,0,-0.000767178,-0.000257443,-0.000767178
2.53,0,0.000767178,-0.00100391,0.000767178
2.535,0,0.000767178,-0.000975992,0.000767178
2.54,0,0.000767178,-0.000951142,0.000767178
2.545,0,0.000767178,-0.000929092,0.000767178
2.55,0,0.000767178,-0.000909603,0.000767178
2.555,0,0.000767178,-0.000892453,0.000767178
2.56,0,-0.000767178,-0.000123597,-0.000767178
2.565,0,-0.000767178,-0.00013105,-0.000767178
2.57,0,-0.000767178,-0.0001372,-0.000767178
2.575,0,-0.000767178,-0.000142159,-0.000767178
2.58,0,-0.000767178,-0.000146031,-0.000767178
2.585,0,-0.000767178,-0.000148909,-0.000767178
2.59,0,-0.000767178,-0.000150878,-0.000767178
2.595,0,-0.000767178,-0.000152016,-0.000767178
2.6,0,-0.000767178,-0.000152396,-0.000767178
2.605,0,-0.000767178,-0.000152082,-0.000767178
2.61,0,-0.000767178,-0.000151135,-0.000767178
2.615,0,-0.000767178,-0.000149608,-0.000767178
2.62,0,-0.000767178,-0.000147552,-0.000767178
2.625,0,-0.000767178,-0.000145012,-0.000767178
2.63,0,-0.000767178,-0.000142031,-0.000767178
2.635,0,-0.000767178,-0.000138645,-0.000767178
2.64,0,-0.000767178,-0.00013489,-0.000767178
2.645,0,-0.000767178,-0.000130798,-0.000767178
2.65,0,-0.000767178,-0.000126398,-0.000767178
2.655,0,-0.000767178,-0.000121716,-0.000767178
2.66,0,0.000767178,-0.00087062,0.000767178
2.665,0,0.000767178,-0.000844934,0.000767178
2.67,0,0.000767178,-0.000822121,0.000767178
2.675,0,0.000767178,-0.000801933,0.000767178
2.68,0,0.000767178,-0.000784145,0.000767178
2.685,0,0.000767178,-0.00076855,0.000767178
2.69,0,0.000767178,-0.000754959,0.000767178
2.695,0,0.000767178,-0.000743199,0.000767178
2.7,0,0.000767178,-0.000733113,0.000767178
2.705,0,0.000767178,-0.000724557,0.000767178
2.71,0,0.000767178,-0.000717398,0.000767178
2.715,0,0.000767178,-0.000711516,0.000767178
2.72,0,0.000767178,-0.000706802,0.000767178
2.725,0,0.000767178,-0.000703155,0.000767178
2.73,0,0.000767178,-0.000700482,0.000767178
2.735,0,0.000767178,-0.000698701,0.000767178
2.74,0,0.000767178,-0.000697734,0.000767178
2.745,0,0.000767178,-0.00069751,0.000767178
2.75,0,0.000767178,-0.000697967,0.000767178
2.755,0,-0.000767178,5.4799e-05,-0.000767178
2.76,0,-0.000767178,3.26416e-05,-0.000767178
2.765,0,-0.000767178,1.30534e-05,-0.000767178
2.77,0,-0.000767178,-4.18691e-06,-0.000767178
2.775,0,-0.000767178,-1.92815e-05,-0.000767178
2.78,0,-0.000767178,-3.24153e-05,-0.000767178
2.785,0,0.000767178,-0.000797601,0.000767178
2.79,0,0.000767178,-0.000786794,0.000767178
2.795,0,0.000767178,-0.000777579,0.000767178
2.8,0,0.000767178,-0.000769818,0.000767178
2.805,0,0.000767178,-0.000763386,0.000767178
2.81,0,0.000767178,-0.000758169,0.000767178
2.815,0,0.000767178,-0.000754062,0.000767178
2.82,0,0.000767178,-0.000750969,0.000767178
2.825,0,0.000767178,-0.000748804,0.000767178
2.83,0,0.000767178,-0.000747486,0.000767178
2.835,0,0.000767178,-0.000746942,0.000767178
2.84,0,0.000767178,-0.000747106,0.000767178
2.845,0,0.000767178,-0.000747917,0.000767178
2.85,0,0.000767178,-0.000749318,0.000767178
2.855,0,0.000767178,-0.00075126,0.000767178
2.86,0,0.000767178,-0.000753695,0.000767178
2.865,0,0.000767178,-0.000756581,0.000767178
2.87,0,0.000767178,-0.000759879,0.000767178
2.875,0,0.000767178,-0.000763554,0.000767178
2.88,0,-0.000767178,-1.37291e-05,-0.000767178
2.885,0,-0.000767178,-3.85742e-05,-0.000767178
2.89,0,-0.000767178,-6.06186e-05,-0.000767178
2.895,0,-0.000767178,-8.01035e-05,-0.000767178
2.9,0,-0.000767178,-9.72494e-05,-0.000767178
2.905,0,-0.000767178,-0.000112258,-0.000767178
2.91,0,-0.000767178,-0.000125313,-0.000767178
2.915,0,-0.000767178,-0.000136582,-0.000767178
2.92,0,-0.000767178,-0.000146221,-0.000767178
2.925,0,-0.000767178,-0.000154368,-0.000767178
2.93,0,-0.000767178,-0.000161153,-0.000767178
2.935,0,-0.000767178,-0.000166693,-0.000767178
2.94,0,-0.000767178,-0.000171095,-0.000767178
2.945,0,-0.000767178,-0.000174456,-0.000767178
2.95,0,-0.000767178,-0.000176868,-0.000767178
2.955,0,-0.000767178,-0.000178411,-0.000767178
2.96,0,-0.000767178,-0.000179161,-0.000767178
2.965,0,-0.000767178,-0.000179185,-0.000767178
2.97,0,-0.000767178,-0.000178546,-0.000767178
2.975,0,-0.000767178,-0.000177301,-0.000767178
2.98,0,-0.000767178,-0.000175503,-0.000767178
2.985,0,-0.000767178,-0.000173199,-0.000767178
2.99,0,-0.000767178,-0.000170433,-0.000767178
2.995,0,-0.000767178,-0.000167244,-0.000767178
3,0,-0.000767178,-0.000163669,-0.000767178
3.005,0,-0.000767178,-0.000159741,-0.000767178
3.01,0,-0.000767178,-0.000155491,-0.000767178
3.015,0,-0.000767178,-0.000150946,-0.000767178
3.02,0,-0.000767178,-0.000146132,-0.000767178
3.025,0,-0.000767178,-0.000141072,-0.000767178
3.03,0,-0.000767178,-0.000135786,-0.000767178
3.035,0,-0.000767178,-0.000130295,-0.000767178
3.04,0,0.000767178,-0.000878461,0.000767178
3.045,0,0.000767178,-0.000852099,0.000767178
3.05,0,0.000767178,-0.000828669,0.000767178
3.055,0,0.000767178,-0.000807918,0.000767178
3.06,0,0.000767178,-0.000789614,0.000767178
3.065,0,0.000767178,-0.000773548,0.000767178
3.07,0,0.000767178,-0.000759526,0.000767178
3.075,0,-0.000767178,6.47108e-06,-0.000767178
3.08,0,-0.000767178,-3.59456e-06,-0.000767178
3.085,0,-0.000767178,-1.21325e-05,-0.000767178
3.09,0,-0.000767178,-1.92742e-05,-0.000767178
3.095,0,-0.000767178,-2.51401e-05,-0.000767178
3.1,0,-0.000767178,-2.984e-05,-0.000767178
3.105,0,-0.000767178,-3.34743e-05,-0.000767178
3.11,0,-0.000767178,-3.61348e-05,-0.000767178
3.115,0,-0.000767178,-3.79054e-05,-0.000767178
3.12,0,-0.000767178,-3.88627e-05,-0.000767178
3.125,0,-0.000767178,-3.90768e-05,-0.000767178
3.13,0,-0.000767178,-3.86117e-05,-0.000767178
3.135,0,-0.000767178,-3.75258e-05,-0.000767178
3.14,0,-0.000767178,-3.58728e-05,-0.000767178
3.145,0,-0.000767178,-3.37013e-05,-0.000767178
3.15,0,-0.000767178,-3.10561e-05,-0.000767178
3.155,0,-0.000767178,-2.79779e-05,-0.000767178
3.16,0,-0.000767178,-2.45041e-05,-0.000767178
3.165,0,-0.000767178,-2.06687e-05,-0.000767178
3.17,0,0.000767178,-0.000770347,0.000767178
3.175,0,0.000767178,-0.000745368,0.000767178
3.18,0,0.000767178,-0.000723201,0.000767178
3.185,0,0.000767178,-0.000703605,0.000767178
3.19,0,0.000767178,-0.000686356,0.000767178
3.195,0,0.000767178,-0.000671255,0.000767178
3.2,0,-0.000767178,9.573e-05,-0.000767178
3.205,0,-0.000767178,8.65665e-05,-0.000767178
3.21,0,-0.000767178,7.8853e-05,-0.000767178
3.215,0,-0.000767178,7.24647e-05,-0.000767178
3.22,0,-0.000767178,6.72873e-05,-0.000767178
3.225,0,-0.000767178,6.32167e-05,-0.000767178
3.23,0,-0.000767178,6.01574e-05,-0.000767178
3.235,0,-0.000767178,5.80224e-05,-0.000767178
3.24,0,-0.000767178,5.67321e-05,-0.000767178
3.245,0,-0.000767178,5.62137e-05,-0.000767178
3.25,0,-0.000767178,5.64007e-05,-0.000767178
3.255,0,-0.000767178,5.72323e-05,-0.000767178
3.26,0,-0.000767178,5.86531e-05,-0.000767178
3.265,0,0.000767178,-0.000693232,0.000767178
3.27,0,0.000767178,-0.00067027,0.000767178
3.275,0,0.000767178,-0.000649946,0.000767178
3.28,0,0.000767178,-0.000632033,0.000767178
3.285,0,0.000767178,-0.000616324,0.000767178
3.29,0,0.000767178,-0.000602629,0.000767178
3.295,0,0.000767178,-0.000590774,0.000767178
3.3,0,-0.000767178,0.000173244,-0.000767178
3.305,0,-0.000767178,0.000161369,-0.000767178
3.31,0,-0.000767178,0.000151177,-0.000767178
3.315,0,-0.000767178,0.000142524,-0.000767178
3.32,0,-0.000767178,0.000135277,-0.000767178
3.325,0,-0.000767178,0.000129315,-0.000767178
3.33,0,0.000767178,-0.000629317,0.000767178
3.335,0,0.000767178,-0.00061252,0.000767178
3.34,0,0.000767178,-0.000597831,0.000767178
3.345,0,0.000767178,-0.000585068,0.000767178
3.35,0,0.000767178,-0.000574065,0.000767178
3.355,0,0.000767178,-0.00056467,0.000767178
3.36,0,-0.000767178,0.000197099,-0.000767178
3.365,0,-0.000767178,0.000183169,-0.000767178
3.37,0,-0.000767178,0.0001711,-0.000767178
3.375,0,-0.000767178,0.000160731,-0.000767178
3.38,0,-0.000767178,0.000151916,-0.000767178
3.385,0,-0.000767178,0.000144521,-0.000767178
3.39,0,-0.000767178,0.000138424,-0.000767178
3.395,0,-0.000767178,0.000133512,-0.000767178
3.4,0,-0.000767178,0.000129684,-0.000767178
3.405,0,-0.000767178,0.000126847,-0.000767178
3.41,0,-0.000767178,0.000124915,-0.000767178
3.415,0,-0.000767178,0.00012381,-0.000767178
3.42,0,-0.000767178,0.000123461,-0.000767178
3.425,0,-0.000767178,0.000123803,-0.000767178
3.43,0,-0.000767178,0.000124776,-0.000767178
3.435,0,-0.000767178,0.000126327,-0.000767178
3.44,0,-0.000767178,0.000128404,-0.000767178
3.445,0,-0.000767178,0.000130963,-0.000767178
3.45,0,-0.000767178,0.000133963,-0.000767178
3.455,0,-0.000767178,0.000137365,-0.000767178
3.46,0,-0.000767178,0.000141135,-0.000767178
3.465,0,-0.000767178,0.000145241,-0.000767178
3.47,0,-0.000767178,0.000149654,-0.000767178
3.475,0,-0.000767178,0.000154347,-0.000767178
3.48,0,-0.000767178,0.000159297,-0.000767178
3.485,0,-0.000767178,0.000164482,-0.000767178
3.49,0,-0.000767178,0.000169881,-0.000767178
3.495,0,-0.000767178,0.000175475,-0.000767178
3.5,0,-0.000767178,0.000181249,-0.000767178
3.505,0,-0.000767178,0.000187186,-0.000767178
3.51,0,-0.000767178,0.000193272,-0.000767178
3.515,0,-0.000767178,0.000199495,-0.000767178
3.52,0,-0.000767178,0.000205843,-0.000767178
3.525,0,-0.000767178,0.000212305,-0.000767178
3.53,0,-0.000767178,0.000218871,-0.000767178
3.535,0,-0.000767178,0.000225532,-0.000767178
3.54,0,-0.000767178,0.00023228,-0.000767178
3.545,0,-0.000767178,0.000239108,-0.000767178
3.55,0,-0.000767178,0.000246009,-0.000767178
3.555,0,-0.000767178,0.000252975,-0.000767178
3.56,0,-0.000767178,0.000260003,-0.000767178
3.565,0,-0.000767178,0.000267086,-0.000767178
3.57,0,-0.000767178,0.00027422,-0.000767178
3.575,0,-0.000767178,0.0002814,-0.000767178
3.58,0,-0.000767178,0.000288623,-0.000767178
3.585,0,-0.000767178,0.000295884,-0.000767178
3.59,0,-0.000767178,0.00030318,-0.000767178
3.595,0,-0.000767178,0.000310509,-0.000767178
3.6,0,-0.000767178,0.000317868,-0.000767178
3.605,0,-0.000767178,0.000325253,-0.000767178
3.61,0,-0.000767178,0.000332663,-0.000767178
3.615,0,-0.000767178,0.000340096,-0.000767178
3.62,0,-0.000767178,0.000347549,-0.000767178
3.625,0,-0.000767178,0.000355021,-0.000767178
3.63,0,-0.000767178,0.00036251,-0.000767178
3.635,0,-0.000767178,0.000370015,-0.000767178
3.64,0,-0.000767178,0.000377535,-0.000767178
3.645,0,-0.000767178,0.000385067,-0.000767178
3.65,0,-0.000767178,0.000392612,-0.000767178
3.655,0,-0.000767178,0.000400167,-0.000767178
3.66,0,-0.000767178,0.000407732,-0.000767178
3.665,0,-0.000767178,0.000415307,-0.000767178
3.67,0,-0.000767178,0.00042289,-0.000767178
3.675,0,-0.000767178,0.000430481,-0.000767178
3.68,0,-0.000767178,0.000438078,-0.000767178
3.685,0,-0.000767178,0.000445682,-0.000767178
3.69,0,-0.000767178,0.000453292,-0.000767178
3.695,0,-0.000767178,0.000460907,-0.000767178
3.7,0,-0.000767178,0.000468527,-0.000767178
3.705,0,-0.000767178,0.000476152,-0.000767178
3.71,0,-0.000767178,0.00048378,-0.000767178
3.715,0,-0.000767178,0.000491413,-0.000767178
3.72,0,-0.000767178,0.000499048,-0.000767178
3.725,0,-0.000767178,0.000506687,-0.000767178
3.73,0,-0.000767178,0.000514329,-0.000767178
3.735,0,-0.000767178,0.000521973,-0.000767178
3.74,0,-0.000767178,0.00052962,-0.000767178
3.745,0,0.000767178,-0.000216576,0.000767178
3.75,0,0.000767178,-0.000188414,0.000767178
3.755,0,0.000767178,-0.000163338,0.000767178
3.76,0,0.000767178,-0.000141083,0.000767178
3.765,0,0.000767178,-0.000121406,0.000767178
3.77,0,0.000767178,-0.000104084,0.000767178
3.775,0,0.000767178,-8.89146e-05,0.000767178
3.78,0,-0.000767178,0.000678132,-0.000767178
3.785,0,-0.000767178,0.000669024,-0.000767178
3.79,0,-0.000767178,0.000661362,-0.000767178
3.795,0,-0.000767178,0.000655021,-0.000767178
3.8,0,-0.000767178,0.000649887,-0.000767178
3.805,0,-0.000767178,0.000645855,-0.000767178
3.81,0,-0.000767178,0.000642832,-0.000767178
3.815,0,-0.000767178,0.00064073,-0.000767178
3.82,0,-0.000767178,0.000639469,-0.000767178
3.825,0,-0.000767178,0.000638978,-0.000767178
3.83,0,-0.000767178,0.00063919,-0.000767178
3.835,0,-0.000767178,0.000640045,-0.000767178
3.84,0,-0.000767178,0.000641486,-0.000767178
3.845,0,-0.000767178,0.000643465,-0.000767178
3.85,0,-0.000767178,0.000645933,-0.000767178
3.855,0,-0.000767178,0.00064885,-0.000767178
3.86,0,-0.000767178,0.000652177,-0.000767178
3.865,0,-0.000767178,0.000655877,-0.000767178
3.87,0,-0.000767178,0.00065992,-0.000767178
3.875,0,-0.000767178,0.000664275,-0.000767178
3.88,0,-0.000767178,0.000668916,-0.000767178
3.885,0,-0.000767178,0.000673818,-0.000767178
3.89,0,-0.000767178,0.000678959,-0.000767178
3.895,0,-0.000767178,0.000684317,-0.000767178
3.9,0,-0.000767178,0.000689875,-0.000767178
3.905,0,-0.000767178,0.000695615,-0.000767178
3.91,0,-0.000767178,0.000701521,-0.000767178
3.915,0,-0.000767178,0.000707579,-0.000767178
3.92,0,-0.000767178,0.000713777,-0.000767178
3.925,0,-0.000767178,0.000720101,-0.000767178
3.93,0,-0.000767178,0.000726541,-0.000767178
3.935,0,-0.000767178,0.000733088,-0.000767178
3.94,0,-0.000767178,0.000739731,-0.000767178
3.945,0,-0.000767178,0.000746463,-0.000767178
3.95,0,-0.000767178,0.000753276,-0.000767178
3.955,0,-0.000767178,0.000760163,-0.000767178
3.96,0,-0.000767178,0.000767117,-0.000767178
3.965,0,-0.000767178,0.000774133,-0.000767178
3.97,0,0.000767178,2.73616e-05,0.000767178
3.975,0,0.000767178,5.49971e-05,0.000767178
3.98,0,0.000767178,7.95917e-05,0.000767178
3.985,0,0.000767178,0.000101407,0.000767178
3.99,0,0.000767178,0.000120683,0.000767178
3.995,0,0.000767178,0.000137637,0.000767178
4,0,-0.000767178,0.000906315,-0.000767178
4.005,0,-0.000767178,0.000898699,-0.000767178
4.01,0,-0.000767178,0.0008924,-0.000767178
4.015,0,-0.000767178,0.000887304,-0.000767178
4.02,0,-0.000767178,0.000883308,-0.000767178
4.025,0,-0.000767178,0.000880317,-0.000767178
4.03,0,-0.000767178,0.000878244,-0.000767178
4.035,0,-0.000767178,0.00087701,-0.000767178
4.04,0,-0.000767178,0.000876543,-0.000767178
4.045,0,-0.000767178,0.000876778,-0.000767178
4.05,0,-0.000767178,0.000877653,-0.000767178
4.055,0,-0.000767178,0.000879113,-0.000767178
4.06,0,-0.000767178,0.000881109,-0.000767178
4.065,0,-0.000767178,0.000883593,-0.000767178
4.07,0,-0.000767178,0.000886524,-0.000767178
4.075,0,-0.000767178,0.000889863,-0.000767178
4.08,0,-0.000767178,0.000893576,-0.000767178
4.085,0,-0.000767178,0.000897629,-0.000767178
4.09,0,-0.000767178,0.000901995,-0.000767178
4.095,0,-0.000767178,0.000906645,-0.000767178
4.1,0,-0.000767178,0.000911555,-0.000767178
4.105,0,-0.000767178,0.000916703,-0.000767178
4.11,0,-0.000767178,0.000922069,-0.000767178
4.115,0,-0.000767178,0.000927633,-0.000767178
4.12,0,-0.000767178,0.000933378,-0.000767178
4.125,0,-0.000767178,0.00093929,-0.000767178
4.13,0,-0.000767178,0.000945353,-0.000767178
4.135,0,-0.000767178,0.000951555,-0.000767178
4.14,0,-0.000767178,0.000957883,-0.000767178
4.145,0,-0.000767178,0.000964327,-0.000767178
4.15,0,-0.000767178,0.000970877,-0.000767178
4.155,0,-0.000767178,0.000977523,-0.000767178
4.16,0,0.000767178,0.000230414,0.000767178
4.165,0,0.000767178,0.00025774,0.000767178
4.17,0,0.000767178,0.000282053,0.000767178
4.175,0,0.000767178,0.00030361,0.000767178
4.18,0,0.000767178,0.00032265,0.000767178
4.185,0,0.000767178,0.000339389,0.000767178
4.19,0,0.000767178,0.000354026,0.000767178
4.195,0,-0.000767178,0.00112059,-0.000767178
4.2,0,-0.000767178,0.00111103,-0.000767178
4.205,0,-0.000767178,0.00110297,-0.000767178
4.21,0,-0.000767178,0.00109625,-0.000767178
4.215,0,-0.000767178,0.00109078,-0.000767178
4.22,0,-0.000767178,0.00108644,-0.000767178
4.225,0,-0.000767178,0.00108313,-0.000767178
4.23,0,-0.000767178,0.00108077,-0.000767178
4.235,0,-0.000767178,0.00107927,-0.000767178
4.24,0,-0.000767178,0.00107856,-0.000767178
4.245,0,-0.000767178,0.00107858,-0.000767178
4.25,0,-0.000767178,0.00107925,-0.000767178
4.255,0,-0.000767178,0.00108053,-0.000767178
4.26,0,0.000767178,0.000328513,0.000767178
4.265,0,0.000767178,0.000351355,0.000767178
4.27,0,0.000767178,0.000371569,0.000767178
4.275,0,0.000767178,0.000389381,0.000767178
4.28,0,0.000767178,0.000404998,0.000767178
4.285,0,0.000767178,0.000418609,0.000767178
4.29,0,-0.000767178,0.00118423,-0.000767178
4.295,0,-0.000767178,0.00117382,-0.000767178
4.3,0,-0.000767178,0.00116497,-0.000767178
4.305,0,-0.000767178,0.00115754,-0.000767178
4.31,0,-0.000767178,0.00115142,-0.000767178
4.315,0,-0.000767178,0.00114648,-0.000767178
4.32,0,0.000767178,0.000388781,0.000767178
4.325,0,0.000767178,0.000406432,0.000767178
4.33,0,0.000767178,0.000421902,0.000767178
4.335,0,0.000767178,0.000435379,0.000767178
4.34,0,0.000767178,0.000447034,0.000767178
4.345,0,0.000767178,0.000457025,0.000767178
4.35,0,0.000767178,0.000465494,0.000767178
4.355,0,0.000767178,0.000472573,0.000767178
4.36,0,0.000767178,0.000478382,0.000767178
4.365,0,0.000767178,0.00048303,0.000767178
4.37,0,0.000767178,0.000486616,0.000767178
4.375,0,0.000767178,0.000489233,0.000767178
4.38,0,0.000767178,0.000490964,0.000767178
4.385,0,-0.000767178,0.00124573,-0.000767178
4.39,0,-0.000767178,0.0012254,-0.000767178
4.395,0,-0.000767178,0.00120748,-0.000767178
4.4,0,-0.000767178,0.00119177,-0.000767178
4.405,0,-0.000767178,0.00117806,-0.000767178
4.41,0,-0.000767178,0.00116621,-0.000767178
4.415,0,-0.000767178,0.00115603,-0.000767178
4.42,0,-0.000767178,0.00114739,-0.000767178
4.425,0,-0.000767178,0.00114015,-0.000767178
4.43,0,-0.000767178,0.0011342,-0.000767178
4.435,0,-0.000767178,0.00112942,-0.000767178
4.44,0,-0.000767178,0.00112572,-0.000767178
4.445,0,-0.000767178,0.00112299,-0.000767178
4.45,0,-0.000767178,0.00112116,-0.000767178
4.455,0,-0.000767178,0.00112015,-0.000767178
4.46,0,-0.000767178,0.00111989,-0.000767178
4.465,0,-0.000767178,0.00112031,-0.000767178
4.47,0,-0.000767178,0.00112135,-0.000767178
4.475,0,-0.000767178,0.00112297,-0.000767178
4.48,0,-0.000767178,0.0011251,-0.000767178
4.485,0,-0.000767178,0.00112772,-0.000767178
4.49,0,-0.000767178,0.00113077,-0.000767178
4.495,0,-0.000767178,0.00113421,-0.000767178
4.5,0,-0.000767178,0.00113803,-0.000767178
4.505,0,-0.000767178,0.00114217,-0.000767178
4.51,0,-0.000767178,0.00114662,-0.000767178
4.515,0,-0.000767178,0.00115134,-0.000767178
4.52,0,-0.000767178,0.00115632,-0.000767178
4.525,0,-0.000767178,0.00116153,-0.000767178
4.53,0,-0.000767178,0.00116696,-0.000767178
4.535,0,-0.000767178,0.00117257,-0.000767178
4.54,0,-0.000767178,0.00117837,-0.000767178
4.545,0,0.000767178,0.000430477,0.000767178
4.55,0,0.000767178,0.000457091,0.000767178
4.555,0,0.000767178,0.000480753,0.000767178
4.56,0,0.000767178,0.000501715,0.000767178
4.565,0,0.000767178,0.000520212,0.000767178
4.57,0,0.000767178,0.000536454,0.000767178
4.575,0,0.000767178,0.000550637,0.000767178
4.58,0,0.000767178,0.000562938,0.000767178
4.585,0,0.000767178,0.000573518,0.000767178
4.59,0,0.000767178,0.000582526,0.000767178
4.595,0,0.000767178,0.000590098,0.000767178
4.6,0,0.000767178,0.000596356,0.000767178
4.605,0,0.000767178,0.000601415,0.000767178
4.61,0,-0.000767178,0.00135922,-0.000767178
4.615,0,-0.000767178,0.00134167,-0.000767178
4.62,0,-0.000767178,0.00132629,-0.000767178
4.625,0,-0.000767178,0.0013129,-0.000767178
4.63,0,-0.000767178,0.00130132,-0.000767178
4.635,0,-0.000767178,0.0012914,-0.000767178
4.64,0,-0.000767178,0.00128299,-0.000767178
4.645,0,-0.000767178,0.00127597,-0.000767178
4.65,0,-0.000767178,0.00127022,-0.000767178
4.655,0,-0.000767178,0.00126562,-0.000767178
4.66,0,-0.000767178,0.00126208,-0.000767178
4.665,0,-0.000767178,0.0012595,-0.000767178
4.67,0,-0.000767178,0.00125781,-0.000767178
4.675,0,-0.000767178,0.00125692,-0.000767178
4.68,0,-0.000767178,0.00125677,-0.000767178
4.685,0,-0.000767178,0.00125729,-0.000767178
4.69,0,-0.000767178,0.00125843,-0.000767178
4.695,0,-0.000767178,0.00126014,-0.000767178
4.7,0,-0.000767178,0.00126235,-0.000767178
4.705,0,0.000767178,0.000511194,0.000767178
4.71,0,0.000767178,0.000534821,0.000767178
4.715,0,0.000767178,0.000555753,0.000767178
4.72,0,0.000767178,0.00057422,0.000767178
4.725,0,0.000767178,0.000590436,0.000767178
4.73,0,0.000767178,0.000604595,0.000767178
4.735,0,0.000767178,0.000616873,0.000767178
4.74,0,0.000767178,0.000627434,0.000767178
4.745,0,0.000767178,0.000636423,0.000767178
4.75,0,0.000767178,0.000643978,0.000767178
4.755,0,0.000767178,0.000650221,0.000767178
4.76,0,0.000767178,0.000655266,0.000767178
4.765,0,0.000767178,0.000659216,0.000767178
4.77,0,0.000767178,0.000662164,0.000767178
4.775,0,0.000767178,0.000664198,0.000767178
4.78,0,0.000767178,0.000665396,0.000767178
4.785,0,0.000767178,0.00066583,0.000767178
4.79,0,0.000767178,0.000665566,0.000767178
4.795,0,0.000767178,0.000664663,0.000767178
4.8,0,-0.000767178,0.00141702,-0.000767178
4.805,0,-0.000767178,0.00139449,-0.000767178
4.81,0,-0.000767178,0.00137456,-0.000767178
4.815,0,-0.000767178,0.00135701,-0.000767178
4.82,0,-0.000767178,0.00134164,-0.000767178
4.825,0,-0.000767178,0.00132824,-0.000767178
4.83,0,-0.000767178,0.00131666,-0.000767178
4.835,0,0.000767178,0.000552898,0.000767178
4.84,0,0.000767178,0.000565004,0.000767178
4.845,0,0.000767178,0.000575406,0.000767178
4.85,0,0.000767178,0.000584252,0.000767178
4.855,0,0.000767178,0.000591675,0.000767178
4.86,0,0.000767178,0.000597797,0.000767178
4.865,0,0.000767178,0.000602732,0.000767178
4.87,0,0.000767178,0.000606581,0.000767178
4.875,0,0.000767178,0.000609438,0.000767178
4.88,0,0.000767178,0.000611387,0.000767178
4.885,0,0.000767178,0.000612508,0.000767178
4.89,0,0.000767178,0.000612872,0.000767178
4.895,0,0.000767178,0.000612544,0.000767178
4.9,0,-0.000767178,0.00136543,-0.000767178
4.905,0,-0.000767178,0.00134338,-0.000767178
4.91,0,-0.000767178,0.00132389,-0.000767178
4.915,0,-0.000767178,0.00130674,-0.000767178
4.92,0,-0.000767178,0.00129172,-0.000767178
4.925,0,-0.000767178,0.00127866,-0.000767178
4.93,0,-0.000767178,0.00126739,-0.000767178
4.935,0,-0.000767178,0.00125775,-0.000767178
4.94,0,-0.000767178,0.0012496,-0.000767178
4.945,0,-0.000767178,0.00124281,-0.000767178
4.95,0,-0.000767178,0.00123727,-0.000767178
4.955,0,-0.000767178,0.00123287,-0.000767178
4.96,0,0.000767178,0.000475657,0.000767178
4.965,0,0.000767178,0.000493755,0.000767178
4.97,0,0.000767178,0.000509633,0.000767178
4.975,0,0.000767178,0.000523483,0.000767178
4.98,0,0.000767178,0.000535479,0.000767178
4.985,0,0.000767178,0.000545781,0.000767178
4.99,0,0.000767178,0.000554535,0.000767178
4.995,0,-0.000767178,0.00131572,-0.000767178
5,0,-0.000767178,0.00130125,-0.000767178
5.005,0.2,-0.000767178,0.245289,-0.000767178
5.01,0.2,-0.000767178,0.247278,-0.000767178
5.015,0.2,-0.000767178,0.249269,-0.000767178
5.02,0.2,-0.000767178,0.251261,-0.000767178
5.025,0.2,-0.000767178,0.253254,-0.000767178
5.03,0.2,-0.000767178,0.255249,-0.000767178
5.035,0.2,-0.000767178,0.257245,-0.000767178
5.04,0.2,-0.000767178,0.259242,-0.000767178
5.045,0.2,-0.000767178,0.26124,-0.000767178
5.05,0.2,-0.000767178,0.263239,-0.000767178
5.055,0.2,-0.000767178,0.265238,-0.000767178
5.06,0.2,-0.000767178,0.267238,-0.000767178
5.065,0.2,-0.000767178,0.269239,-0.000767178
5.07,0.2,-0.000767178,0.27124,-0.000767178
5.075,0.2,-0.000767178,0.273242,-0.000767178
5.08,0.2,-0.000767178,0.275245,-0.000767178
5.085,0.2,-0.000767178,0.277248,-0.000767178
5.09,0.2,-0.000767178,0.279251,-0.000767178
5.095,0.2,-0.000767178,0.281255,-0.000767178
5.1,0.2,-0.000767178,0.283259,-0.000767178
5.105,0.2,-0.0145732,0.292046,-0.000767178
5.11,0.2,-0.0145732,0.293866,-0.000767178
5.115,0.2,-0.0433352,0.309845,-0.000767178
5.12,0.2,-0.00957936,0.29475,0.0329886
5.125,0.2,-0.00957936,0.296772,0.0329886
5.13,0.2,-0.0345064,0.311047,0.0329886
5.135,0.2,-0.0345064,0.312748,0.0329886
5.14,0.2,-0.0448614,0.319591,0.0329886
5.145,0.2,-0.0448614,0.32126,0.0329886
5.15,0.2,-0.0463954,0.323749,0.0329886
5.155,0.2,0.0705975,0.268046,0.140394
5.16,0.2,0.0705975,0.271446,0.140394
5.165,0.2,0.0705975,0.274664,0.140394
5.17,0.2,0.0893885,0.268485,0.140394
5.175,0.2,0.0893885,0.271637,0.140394
5.18,0.2,0.109331,0.264816,0.140394
5.185,0.2,0.181445,0.232467,0.212508
5.19,0.2,0.201387,0.226527,0.212508
5.195,0.2,0.216726,0.2228,0.212508
5.2,0.2,0.216726,0.226484,0.212508
5.205,0.2,0.216726,0.229837,0.212508
5.21,0.2,0.227464,0.227611,0.212508
5.215,0.2,0.227464,0.230527,0.212508
5.22,0.2,0.278096,0.208292,0.253936
5.225,0.2,0.278096,0.211359,0.253936
5.23,0.2,0.285383,0.210514,0.253936
5.235,0.2,0.288451,0.211537,0.253936
5.24,0.2,0.288451,0.213817,0.253936
5.245,0.2,0.288451,0.215824,0.253936
5.25,0.2,0.317986,0.203071,0.281554
5.255,0.2,0.317986,0.204996,0.281554
5.26,0.2,0.321054,0.205146,0.281554
5.265,0.2,0.321054,0.206601,0.281554
5.27,0.2,0.331408,0.202739,0.281554
5.275,0.2,0.331408,0.203892,0.281554
5.28,0.2,0.348284,0.196542,0.29076
5.285,0.2,0.348284,0.197514,0.29076
5.29,0.2,0.349435,0.197709,0.29076
5.295,0.2,0.349435,0.198292,0.29076
5.3,0.2,0.349051,0.198885,0.29076
5.305,0.2,0.349051,0.199121,0.29076
5.31,0.2,0.344449,0.201468,0.29076
5.315,0.2,0.315297,0.215681,0.261608
5.32,0.2,0.308778,0.218268,0.261608
5.325,0.2,0.308778,0.21752,0.261608
5.33,0.2,0.296506,0.222771,0.261608
5.335,0.2,0.296506,0.221803,0.261608
5.34,0.2,0.285768,0.22611,0.261608
5.345,0.2,0.264287,0.235552,0.240127
5.35,0.2,0.257768,0.237378,0.240127
5.355,0.2,0.257768,0.235978,0.240127
5.36,0.2,0.250865,0.238039,0.240127
5.365,0.2,0.250865,0.236682,0.240127
5.37,0.2,0.247413,0.237094,0.240127
5.375,0.2,0.247413,0.23583,0.240127
5.38,0.2,0.221329,0.247449,0.215577
5.385,0.2,0.221329,0.245967,0.215577
5.39,0.2,0.220946,0.244783,0.215577
5.395,0.2,0.220946,0.243504,0.215577
5.4,0.2,0.220946,0.242318,0.215577
5.405,0.2,0.220946,0.241216,0.215577
5.41,0.2,0.210205,0.245468,0.204836
5.415,0.2,0.210205,0.24437,0.204836
5.42,0.2,0.210205,0.243357,0.204836
5.425,0.2,0.210205,0.242423,0.204836
5.43,0.2,0.210588,0.241372,0.204836
5.435,0.2,0.210588,0.240581,0.204836
5.44,0.2,0.213657,0.23834,0.207905
5.445,0.2,0.213657,0.237702,0.207905
5.45,0.2,0.214041,0.236919,0.207905
5.455,0.2,0.214041,0.236369,0.207905
5.46,0.2,0.216342,0.234724,0.207905
5.465,0.2,0.216342,0.234272,0.207905
5.47,0.2,0.219793,0.23215,0.207905
5.475,0.2,0.235137,0.224253,0.223249
5.48,0.2,0.238972,0.22223,0.223249
5.485,0.2,0.238972,0.222123,0.223249
5.49,0.2,0.242424,0.220297,0.223249
5.495,0.2,0.242424,0.22019,0.223249
5.5,0.2,0.244341,0.219114,0.223249
5.505,0.2,0.253547,0.214458,0.232455
5.51,0.2,0.255465,0.213478,0.232455
5.515,0.2,0.255465,0.213424,0.232455
5.52,0.2,0.257766,0.212196,0.232455
5.525,0.2,0.257766,0.21209,0.232455
5.53,0.2,0.259683,0.211001,0.232455
5.535,0.2,0.259683,0.210843,0.232455
5.54,0.2,0.268122,0.206501,0.240127
5.545,0.2,0.268122,0.206383,0.240127
5.55,0.2,0.268506,0.206028,0.240127
5.555,0.2,0.268506,0.205823,0.240127
5.56,0.2,0.268506,0.205576,0.240127
5.565,0.2,0.268506,0.205292,0.240127
5.57,0.2,0.266971,0.205726,0.238592
5.575,0.2,0.266971,0.205355,0.238592
5.58,0.2,0.266971,0.204959,0.238592
5.585,0.2,0.266971,0.204538,0.238592
5.59,0.2,0.266971,0.204096,0.238592
5.595,0.2,0.266971,0.203635,0.238592
5.6,0.2,0.262368,0.205417,0.233989
5.605,0.2,0.262368,0.20486,0.233989
5.61,0.2,0.262368,0.204297,0.233989
5.615,0.2,0.262368,0.203729,0.233989
5.62,0.2,0.262368,0.203156,0.233989
5.625,0.2,0.262368,0.202578,0.233989
5.63,0.2,0.262368,0.201997,0.233989
5.635,0.2,0.251628,0.206689,0.223249
5.64,0.2,0.251628,0.205957,0.223249
5.645,0.2,0.251628,0.205244,0.223249
5.65,0.2,0.251628,0.204547,0.223249
5.655,0.2,0.251628,0.203867,0.223249
5.66,0.2,0.250861,0.203577,0.223249
5.665,0.2,0.243189,0.206682,0.215577
5.67,0.2,0.242422,0.206306,0.215577
5.675,0.2,0.242422,0.20557,0.215577
5.68,0.2,0.242038,0.20505,0.215577
5.685,0.2,0.242038,0.20436,0.215577
5.69,0.2,0.241655,0.203882,0.215577
5.695,0.2,0.241655,0.203232,0.215577
5.7,0.2,0.236668,0.205052,0.210974
5.705,0.2,0.236668,0.204373,0.210974
5.71,0.2,0.236668,0.203722,0.210974
5.715,0.2,0.236668,0.203095,0.210974
5.72,0.2,0.236668,0.20249,0.210974
5.725,0.2,0.236668,0.201906,0.210974
5.73,0.2,0.233599,0.202848,0.207905
5.735,0.2,0.233599,0.202259,0.207905
5.74,0.2,0.233599,0.201692,0.207905
5.745,0.2,0.233599,0.201144,0.207905
5.75,0.2,0.233599,0.200615,0.207905
5.755,0.2,0.233599,0.200102,0.207905
5.76,0.2,0.233599,0.199605,0.207905
5.765,0.2,0.233599,0.199121,0.207905
5.77,0.2,0.233599,0.19865,0.207905
5.775,0.2,0.233599,0.198191,0.207905
5.78,0.2,0.233599,0.197742,0.207905
5.785,0.2,0.233599,0.197304,0.207905
5.79,0.2,0.233599,0.196873,0.207905
5.795,0.2,0.233599,0.196452,0.207905
5.8,0.2,0.233599,0.196037,0.207905
5.805,0.2,0.233983,0.195441,0.207905
5.81,0.2,0.233983,0.195044,0.207905
5.815,0.2,0.233983,0.194653,0.207905
5.82,0.2,0.233983,0.194265,0.207905
5.825,0.2,0.232449,0.194636,0.206371
5.83,0.2,0.232449,0.194236,0.206371
5.835,0.2,0.232449,0.193843,0.206371
5.84,0.2,0.232449,0.193456,0.206371
5.845,0.2,0.232449,0.193074,0.206371
5.85,0.2,0.232449,0.192697,0.206371
5.855,0.2,0.232832,0.192136,0.206371
5.86,0.2,0.231297,0.192526,0.204836
5.865,0.2,0.231297,0.192146,0.204836
5.87,0.2,0.231297,0.191771,0.204836
5.875,0.2,0.231681,0.191212,0.204836
5.88,0.2,0.231681,0.190853,0.204836
5.885,0.2,0.232064,0.190309,0.204836
5.89,0.2,0.23053,0.190715,0.203302
5.895,0.2,0.23053,0.19035,0.203302
5.9,0.2,0.23053,0.189989,0.203302
5.905,0.2,0.230914,0.189445,0.203302
5.91,0.2,0.230914,0.189099,0.203302
5.915,0.2,0.230914,0.188756,0.203302
5.92,0.2,0.227845,0.189923,0.200233
5.925,0.2,0.227845,0.189545,0.200233
5.93,0.2,0.227845,0.189175,0.200233
5.935,0.2,0.227845,0.188813,0.200233
5.94,0.2,0.227845,0.188458,0.200233
5.945,0.2,0.227845,0.18811,0.200233
5.95,0.2,0.227845,0.187768,0.200233
5.955,0.2,0.226311,0.188185,0.198699
5.96,0.2,0.226311,0.187833,0.198699
5.965,0.2,0.226311,0.187488,0.198699
5.97,0.2,0.226311,0.187151,0.198699
5.975,0.2,0.226694,0.186632,0.198699
5.98,0.2,0.226694,0.186311,0.198699
5.985,0.2,0.223625,0.187504,0.19563
5.99,0.2,0.223625,0.187151,0.19563
5.995,0.2,0.223625,0.186809,0.19563
6,0.2,0.223625,0.186476,0.19563
6.005,0.2,0.223625,0.186151,0.19563
6.01,0.2,0.223625,0.185833,0.19563
6.015,0.2,0.223625,0.185523,0.19563
6.02,0.2,0.222091,0.185973,0.194096
6.025,0.2,0.222091,0.185654,0.194096
6.03,0.2,0.222091,0.185344,0.194096
6.035,0.2,0.222091,0.185042,0.194096
6.04,0.2,0.222091,0.184746,0.194096
6.045,0.2,0.222091,0.184457,0.194096
6.05,0.2,0.220557,0.184928,0.192562
6.055,0.2,0.220941,0.184441,0.192562
6.06,0.2,0.220941,0.184156,0.192562
6.065,0.2,0.220941,0.183877,0.192562
6.07,0.2,0.220941,0.183604,0.192562
6.075,0.2,0.220941,0.183337,0.192562
6.08,0.2,0.219406,0.183829,0.191027
6.085,0.2,0.219406,0.183551,0.191027
6.09,0.2,0.219406,0.18328,0.191027
6.095,0.2,0.219406,0.183015,0.191027
6.1,0.2,0.219406,0.182757,0.191027
6.105,0.2,0.219406,0.182504,0.191027
6.11,0.2,0.219406,0.182256,0.191027
6.115,0.2,0.217872,0.182767,0.189493
6.12,0.2,0.217872,0.182508,0.189493
6.125,0.2,0.217872,0.182255,0.189493
6.13,0.2,0.217872,0.182009,0.189493
6.135,0.2,0.217872,0.181769,0.189493
6.14,0.2,0.217872,0.181534,0.189493
6.145,0.2,0.217872,0.181304,0.189493
6.15,0.2,0.217872,0.181078,0.189493
6.155,0.2,0.217872,0.180857,0.189493
6.16,0.2,0.217872,0.180639,0.189493
6.165,0.2,0.217872,0.180424,0.189493
6.17,0.2,0.217872,0.180213,0.189493
6.175,0.2,0.218255,0.179816,0.189493
6.18,0.2,0.216721,0.180369,0.187959
6.185,0.2,0.216721,0.180149,0.187959
6.19,0.2,0.216721,0.179933,0.187959
6.195,0.2,0.217105,0.179533,0.187959
6.2,0.2,0.217105,0.179331,0.187959
6.205,0.2,0.217488,0.178943,0.187959
6.21,0.2,0.217488,0.178751,0.187959
6.215,0.2,0.217488,0.178561,0.187959
6.22,0.2,0.217488,0.178372,0.187959
6.225,0.2,0.217488,0.178184,0.187959
6.23,0.2,0.217488,0.177997,0.187959
6.235,0.2,0.217488,0.177811,0.187959
6.24,0.2,0.215953,0.17838,0.186424
6.245,0.2,0.216337,0.177987,0.186424
6.25,0.2,0.216337,0.177791,0.186424
6.255,0.2,0.216337,0.177599,0.186424
6.26,0.2,0.216337,0.177408,0.186424
6.265,0.2,0.216337,0.177221,0.186424
6.27,0.2,0.216337,0.177035,0.186424
6.275,0.2,0.214803,0.177605,0.18489
6.28,0.2,0.214803,0.177402,0.18489
6.285,0.2,0.214803,0.177204,0.18489
6.29,0.2,0.214803,0.177011,0.18489
6.295,0.2,0.214803,0.176821,0.18489
6.3,0.2,0.214803,0.176635,0.18489
6.305,0.2,0.213268,0.177206,0.183355
6.31,0.2,0.213268,0.177006,0.183355
6.315,0.2,0.213268,0.176811,0.183355
6.32,0.2,0.213268,0.176622,0.183355
6.325,0.2,0.213268,0.176438,0.183355
6.33,0.2,0.213268,0.176258,0.183355
6.335,0.2,0.213268,0.176082,0.183355
6.34,0.2,0.211734,0.176664,0.181821
6.345,0.2,0.211734,0.176474,0.181821
6.35,0.2,0.211734,0.176291,0.181821
6.355,0.2,0.211734,0.176114,0.181821
6.36,0.2,0.211734,0.175942,0.181821
6.365,0.2,0.211734,0.175774,0.181821
6.37,0.2,0.2102,0.176365,0.180287
6.375,0.2,0.2102,0.176185,0.180287
6.38,0.2,0.2102,0.176012,0.180287
6.385,0.2,0.2102,0.175845,0.180287
6.39,0.2,0.2102,0.175684,0.180287
6.395,0.2,0.210583,0.17534,0.180287
6.4,0.2,0.210583,0.175193,0.180287
6.405,0.2,0.210583,0.17505,0.180287
6.41,0.2,0.210583,0.174911,0.180287
6.415,0.2,0.210583,0.174774,0.180287
6.42,0.2,0.210583,0.17464,0.180287
6.425,0.2,0.210583,0.174508,0.180287
6.43,0.2,0.210583,0.174379,0.180287
6.435,0.2,0.209048,0.175005,0.178752
6.44,0.2,0.209048,0.174859,0.178752
6.445,0.2,0.209048,0.174718,0.178752
6.45,0.2,0.209048,0.174581,0.178752
6.455,0.2,0.209048,0.174448,0.178752
6.46,0.2,0.209048,0.174319,0.178752
6.465,0.2,0.209048,0.174193,0.178752
6.47,0.2,0.209048,0.17407,0.178752
6.475,0.2,0.209048,0.17395,0.178752
6.48,0.2,0.209048,0.173832,0.178752
6.485,0.2,0.209048,0.173717,0.178752
6.49,0.2,0.209432,0.173415,0.178752
6.495,0.2,0.209432,0.173309,0.178752
6.5,0.2,0.209432,0.173204,0.178752
6.505,0.2,0.209432,0.1731,0.178752
6.51,0.2,0.209815,0.172809,0.178752
6.515,0.2,0.209815,0.172711,0.178752
6.52,0.2,0.209815,0.172614,0.178752
6.525,0.2,0.209815,0.172517,0.178752
6.53,0.2,0.209815,0.172419,0.178752
6.535,0.2,0.209815,0.172321,0.178752
6.54,0.2,0.209815,0.172224,0.178752
6.545,0.2,0.209815,0.172126,0.178752
6.55,0.2,0.209815,0.172028,0.178752
6.555,0.2,0.209815,0.171931,0.178752
6.56,0.2,0.209815,0.171833,0.178752
6.565,0.2,0.209815,0.171735,0.178752
6.57,0.2,0.209815,0.171637,0.178752
6.575,0.2,0.209815,0.171539,0.178752
6.58,0.2,0.209815,0.171441,0.178752
6.585,0.2,0.209815,0.171343,0.178752
6.59,0.2,0.209815,0.171245,0.178752
6.595,0.2,0.208281,0.171901,0.177218
6.6,0.2,0.208665,0.171594,0.177218
6.605,0.2,0.208665,0.171484,0.177218
6.61,0.2,0.208665,0.171376,0.177218
6.615,0.2,0.208665,0.171269,0.177218
6.62,0.2,0.209048,0.170976,0.177218
6.625,0.2,0.209048,0.170878,0.177218
6.63,0.2,0.209048,0.170781,0.177218
6.635,0.2,0.209048,0.170684,0.177218
6.64,0.2,0.209048,0.170588,0.177218
6.645,0.2,0.209048,0.170492,0.177218
6.65,0.2,0.209048,0.170397,0.177218
6.655,0.2,0.209048,0.170302,0.177218
6.66,0.2,0.207514,0.170961,0.175684
6.665,0.2,0.207514,0.170847,0.175684
6.67,0.2,0.207514,0.170736,0.175684
6.675,0.2,0.207514,0.170627,0.175684
6.68,0.2,0.207514,0.170522,0.175684
6.685,0.2,0.207514,0.170419,0.175684
6.69,0.2,0.207514,0.170319,0.175684
6.695,0.2,0.207514,0.170221,0.175684
6.7,0.2,0.207514,0.170125,0.175684
6.705,0.2,0.207514,0.17003,0.175684
6.71,0.2,0.207514,0.169938,0.175684
6.715,0.2,0.207514,0.169847,0.175684
6.72,0.2,0.205979,0.170511,0.174149
6.725,0.2,0.205979,0.170401,0.174149
6.73,0.2,0.206363,0.170108,0.174149
6.735,0.2,0.206363,0.170012,0.174149
6.74,0.2,0.206363,0.169919,0.174149
6.745,0.2,0.206363,0.169829,0.174149
6.75,0.2,0.206363,0.16974,0.174149
6.755,0.2,0.206363,0.169654,0.174149
6.76,0.2,0.206363,0.16957,0.174149
6.765,0.2,0.206363,0.169488,0.174149
6.77,0.2,0.206363,0.169407,0.174149
6.775,0.2,0.206363,0.169328,0.174149
6.78,0.2,0.206363,0.16925,0.174149
6.785,0.2,0.206363,0.169173,0.174149
6.79,0.2,0.206363,0.169098,0.174149
6.795,0.2,0.206363,0.169023,0.174149
6.8,0.2,0.206363,0.168949,0.174149
6.805,0.2,0.206363,0.168877,0.174149
6.81,0.2,0.206363,0.168805,0.174149
6.815,0.2,0.206363,0.168734,0.174149
6.82,0.2,0.204829,0.169417,0.172615
6.825,0.2,0.204829,0.169326,0.172615
6.83,0.2,0.204829,0.169239,0.172615
6.835,0.2,0.204829,0.169156,0.172615
6.84,0.2,0.204829,0.169075,0.172615
6.845,0.2,0.204829,0.168998,0.172615
6.85,0.2,0.204829,0.168922,0.172615
6.855,0.2,0.204829,0.16885,0.172615
6.86,0.2,0.204829,0.168779,0.172615
6.865,0.2,0.204829,0.16871,0.172615
6.87,0.2,0.205212,0.168455,0.172615
6.875,0.2,0.205212,0.168394,0.172615
6.88,0.2,0.205212,0.168335,0.172615
6.885,0.2,0.205212,0.168276,0.172615
6.89,0.2,0.205212,0.168217,0.172615
6.895,0.2,0.205212,0.16816,0.172615
6.9,0.2,0.205212,0.168102,0.172615
6.905,0.2,0.205212,0.168045,0.172615
6.91,0.2,0.205212,0.167989,0.172615
6.915,0.2,0.205212,0.167933,0.172615
6.92,0.2,0.205212,0.167877,0.172615
6.925,0.2,0.205212,0.167822,0.172615
6.93,0.2,0.205212,0.167766,0.172615
6.935,0.2,0.205212,0.167711,0.172615
6.94,0.2,0.205212,0.167657,0.172615
6.945,0.2,0.203678,0.168356,0.171081
6.95,0.2,0.203678,0.168281,0.171081
6.955,0.2,0.203678,0.16821,0.171081
6.96,0.2,0.203678,0.168141,0.171081
6.965,0.2,0.203678,0.168076,0.171081
6.97,0.2,0.203678,0.168012,0.171081
6.975,0.2,0.203678,0.167951,0.171081
6.98,0.2,0.203678,0.167893,0.171081
6.985,0.2,0.203678,0.167836,0.171081
6.99,0.2,0.204062,0.167592,0.171081
6.995,0.2,0.204062,0.167543,0.171081
7,0.2,0.204062,0.167495,0.171081
7.005,0.2,0.204062,0.167448,0.171081
7.01,0.2,0.204062,0.167401,0.171081
7.015,0.2,0.204445,0.167167,0.171081
7.02,0.2,0.204445,0.167127,0.171081
7.025,0.2,0.204445,0.167086,0.171081
7.03,0.2,0.204445,0.167044,0.171081
7.035,0.2,0.204445,0.167003,0.171081
7.04,0.2,0.204445,0.166961,0.171081
7.045,0.2,0.204445,0.166919,0.171081
7.05,0.2,0.204445,0.166877,0.171081
7.055,0.2,0.204445,0.166835,0.171081
7.06,0.2,0.204445,0.166792,0.171081
7.065,0.2,0.204445,0.16675,0.171081
7.07,0.2,0.204445,0.166707,0.171081
7.075,0.2,0.20291,0.167418,0.169546
7.08,0.2,0.20291,0.167354,0.169546
7.085,0.2,0.20291,0.167293,0.169546
7.09,0.2,0.20291,0.167235,0.169546
7.095,0.2,0.20291,0.16718,0.169546
7.1,0.2,0.20291,0.167127,0.169546
7.105,0.2,0.20291,0.167076,0.169546
7.11,0.2,0.20291,0.167026,0.169546
7.115,0.2,0.20291,0.166979,0.169546
7.12,0.2,0.20291,0.166933,0.169546
7.125,0.2,0.20291,0.166889,0.169546
7.13,0.2,0.20291,0.166845,0.169546
7.135,0.2,0.20291,0.166803,0.169546
7.14,0.2,0.20291,0.166763,0.169546
7.145,0.2,0.20291,0.166723,0.169546
7.15,0.2,0.20291,0.166684,0.169546
7.155,0.2,0.20291,0.166646,0.169546
7.16,0.2,0.20291,0.166609,0.169546
7.165,0.2,0.20291,0.166572,0.169546
7.17,0.2,0.20291,0.166536,0.169546
7.175,0.2,0.20291,0.166501,0.169546
7.18,0.2,0.20291,0.166466,0.169546
7.185,0.2,0.20291,0.166432,0.169546
7.19,0.2,0.20291,0.166398,0.169546
7.195,0.2,0.20291,0.166364,0.169546
7.2,0.2,0.20291,0.166331,0.169546
7.205,0.2,0.20291,0.166299,0.169546
7.21,0.2,0.20291,0.166266,0.169546
7.215,0.2,0.20291,0.166234,0.169546
7.22,0.2,0.20291,0.166202,0.169546
7.225,0.2,0.20291,0.16617,0.169546
7.23,0.2,0.20291,0.166139,0.169546
7.235,0.2,0.203294,0.165919,0.169546
7.24,0.2,0.203294,0.165893,0.169546
7.245,0.2,0.203294,0.165867,0.169546
7.25,0.2,0.203294,0.16584,0.169546
7.255,0.2,0.203294,0.165812,0.169546
7.26,0.2,0.203294,0.165784,0.169546
7.265,0.2,0.203294,0.165756,0.169546
7.27,0.2,0.203294,0.165727,0.169546
7.275,0.2,0.203294,0.165698,0.169546
7.28,0.2,0.203294,0.165668,0.169546
7.285,0.2,0.203294,0.165638,0.169546
7.29,0.2,0.203294,0.165608,0.169546
7.295,0.2,0.203294,0.165578,0.169546
7.3,0.2,0.203294,0.165547,0.169546
7.305,0.2,0.203677,0.165328,0.169546
7.31,0.2,0.203677,0.165303,0.169546
7.315,0.2,0.203677,0.165276,0.169546
7.32,0.2,0.203677,0.165248,0.169546
7.325,0.2,0.203677,0.16522,0.169546
7.33,0.2,0.203677,0.165191,0.169546
7.335,0.2,0.203677,0.165161,0.169546
7.34,0.2,0.203677,0.16513,0.169546
7.345,0.2,0.203677,0.165099,0.169546
7.35,0.2,0.203677,0.165068,0.169546
7.355,0.2,0.203677,0.165036,0.169546
7.36,0.2,0.203677,0.165004,0.169546
7.365,0.2,0.203677,0.164971,0.169546
7.37,0.2,0.203677,0.164938,0.169546
7.375,0.2,0.203677,0.164905,0.169546
7.38,0.2,0.203677,0.164871,0.169546
7.385,0.2,0.203677,0.164837,0.169546
7.39,0.2,0.203677,0.164803,0.169546
7.395,0.2,0.202143,0.165522,0.168012
7.4,0.2,0.202143,0.165467,0.168012
7.405,0.2,0.202143,0.165415,0.168012
7.41,0.2,0.202143,0.165365,0.168012
7.415,0.2,0.202143,0.165318,0.168012
7.42,0.2,0.202143,0.165273,0.168012
7.425,0.2,0.202143,0.16523,0.168012
7.43,0.2,0.202143,0.165189,0.168012
7.435,0.2,0.202143,0.16515,0.168012
7.44,0.2,0.202143,0.165112,0.168012
7.445,0.2,0.202143,0.165076,0.168012
7.45,0.2,0.202143,0.165041,0.168012
7.455,0.2,0.202143,0.165007,0.168012
7.46,0.2,0.202143,0.164974,0.168012
7.465,0.2,0.202143,0.164942,0.168012
7.47,0.2,0.202143,0.164911,0.168012
7.475,0.2,0.202527,0.164692,0.168012
7.48,0.2,0.202527,0.164668,0.168012
7.485,0.2,0.202527,0.164643,0.168012
7.49,0.2,0.202527,0.164619,0.168012
7.495,0.2,0.202527,0.164595,0.168012
7.5,0.2,0.202527,0.16457,0.168012
7.505,0.2,0.20291,0.164357,0.168012
7.51,0.2,0.20291,0.164338,0.168012
7.515,0.2,0.20291,0.164317,0.168012
7.52,0.2,0.20291,0.164296,0.168012
7.525,0.2,0.20291,0.164274,0.168012
7.53,0.2,0.20291,0.164252,0.168012
7.535,0.2,0.20291,0.164229,0.168012
7.54,0.2,0.20291,0.164205,0.168012
7.545,0.2,0.20291,0.164181,0.168012
7.55,0.2,0.20291,0.164157,0.168012
7.555,0.2,0.20291,0.164132,0.168012
7.56,0.2,0.20291,0.164107,0.168012
7.565,0.2,0.20291,0.164081,0.168012
7.57,0.2,0.20291,0.164055,0.168012
7.575,0.2,0.20291,0.164029,0.168012
7.58,0.2,0.20291,0.164003,0.168012
7.585,0.2,0.201376,0.16473,0.166478
7.59,0.2,0.201376,0.164683,0.166478
7.595,0.2,0.201376,0.164638,0.166478
7.6,0.2,0.201376,0.164596,0.166478
7.605,0.2,0.201376,0.164557,0.166478
7.61,0.2,0.201376,0.16452,0.166478
7.615,0.2,0.201376,0.164485,0.166478
7.62,0.2,0.201376,0.164451,0.166478
7.625,0.2,0.201376,0.16442,0.166478
7.63,0.2,0.201376,0.164389,0.166478
7.635,0.2,0.201376,0.164361,0.166478
7.64,0.2,0.201376,0.164333,0.166478
7.645,0.2,0.201376,0.164307,0.166478
7.65,0.2,0.201376,0.164282,0.166478
7.655,0.2,0.201376,0.164258,0.166478
7.66,0.2,0.201376,0.164235,0.166478
7.665,0.2,0.201376,0.164212,0.166478
7.67,0.2,0.201376,0.16419,0.166478
7.675,0.2,0.201376,0.164169,0.166478
7.68,0.2,0.201376,0.164149,0.166478
7.685,0.2,0.20176,0.16394,0.166478
7.69,0.2,0.20176,0.163926,0.166478
7.695,0.2,0.20176,0.163912,0.166478
7.7,0.2,0.20176,0.163897,0.166478
7.705,0.2,0.20176,0.163882,0.166478
7.71,0.2,0.20176,0.163867,0.166478
7.715,0.2,0.20176,0.163851,0.166478
7.72,0.2,0.20176,0.163836,0.166478
7.725,0.2,0.20176,0.16382,0.166478
7.73,0.2,0.20176,0.163804,0.166478
7.735,0.2,0.20176,0.163788,0.166478
7.74,0.2,0.20176,0.163772,0.166478
7.745,0.2,0.20176,0.163756,0.166478
7.75,0.2,0.20176,0.163739,0.166478
7.755,0.2,0.20176,0.163723,0.166478
7.76,0.2,0.20176,0.163706,0.166478
7.765,0.2,0.20176,0.163689,0.166478
7.77,0.2,0.20176,0.163673,0.166478
7.775,0.2,0.20176,0.163656,0.166478
7.78,0.2,0.20176,0.163639,0.166478
7.785,0.2,0.20176,0.163622,0.166478
7.79,0.2,0.20176,0.163605,0.166478
7.795,0.2,0.20176,0.163588,0.166478
7.8,0.2,0.20176,0.163571,0.166478
7.805,0.2,0.20176,0.163553,0.166478
7.81,0.2,0.20176,0.163536,0.166478
7.815,0.2,0.20176,0.163519,0.166478
7.82,0.2,0.20176,0.163502,0.166478
7.825,0.2,0.20176,0.163484,0.166478
7.83,0.2,0.20176,0.163467,0.166478
7.835,0.2,0.20176,0.16345,0.166478
7.84,0.2,0.20176,0.163432,0.166478
7.845,0.2,0.20176,0.163415,0.166478
7.85,0.2,0.20176,0.163398,0.166478
7.855,0.2,0.20176,0.16338,0.166478
7.86,0.2,0.20176,0.163363,0.166478
7.865,0.2,0.20176,0.163345,0.166478
7.87,0.2,0.20176,0.163328,0.166478
7.875,0.2,0.20176,0.16331,0.166478
7.88,0.2,0.20176,0.163293,0.166478
7.885,0.2,0.20176,0.163275,0.166478
7.89,0.2,0.20176,0.163258,0.166478
7.895,0.2,0.20176,0.16324,0.166478
7.9,0.2,0.20176,0.163223,0.166478
7.905,0.2,0.20176,0.163205,0.166478
7.91,0.2,0.20176,0.163188,0.166478
7.915,0.2,0.20176,0.16317,0.166478
7.92,0.2,0.20176,0.163153,0.166478
7.925,0.2,0.20176,0.163135,0.166478
7.93,0.2,0.20176,0.163118,0.166478
7.935,0.2,0.20176,0.1631,0.166478
7.94,0.2,0.20176,0.163082,0.166478
7.945,0.2,0.20176,0.163065,0.166478
7.95,0.2,0.202143,0.162859,0.166478
7.955,0.2,0.202143,0.162847,0.166478
7.96,0.2,0.202143,0.162833,0.166478
7.965,0.2,0.202143,0.16282,0.166478
7.97,0.2,0.202143,0.162805,0.166478
7.975,0.2,0.202143,0.16279,0.166478
7.98,0.2,0.202527,0.162585,0.166478
7.985,0.2,0.202527,0.162574,0.166478
7.99,0.2,0.202527,0.162562,0.166478
7.995,0.2,0.202527,0.162549,0.166478
8,0.2,0.202527,0.162534,0.166478
8.005,0.2,0.202527,0.162519,0.166478
8.01,0.2,0.202527,0.162503,0.166478
8.015,0.2,0.202527,0.162486,0.166478
8.02,0.2,0.202527,0.162468,0.166478
8.025,0.2,0.202527,0.16245,0.166478
8.03,0.2,0.202527,0.162431,0.166478
8.035,0.2,0.200992,0.163165,0.164943
8.04,0.2,0.200992,0.163125,0.164943
8.045,0.2,0.200992,0.163087,0.164943
8.05,0.2,0.200992,0.163051,0.164943
8.055,0.2,0.200992,0.163018,0.164943
8.06,0.2,0.200992,0.162987,0.164943
8.065,0.2,0.200992,0.162957,0.164943
8.07,0.2,0.200992,0.16293,0.164943
8.075,0.2,0.200992,0.162903,0.164943
8.08,0.2,0.200992,0.162879,0.164943
8.085,0.2,0.200992,0.162855,0.164943
8.09,0.2,0.200992,0.162833,0.164943
8.095,0.2,0.200992,0.162811,0.164943
8.1,0.2,0.200992,0.162791,0.164943
8.105,0.2,0.200992,0.162772,0.164943
8.11,0.2,0.200992,0.162753,0.164943
8.115,0.2,0.200992,0.162735,0.164943
8.12,0.2,0.200992,0.162718,0.164943
8.125,0.2,0.200992,0.162702,0.164943
8.13,0.2,0.200992,0.162686,0.164943
8.135,0.2,0.200992,0.16267,0.164943
8.14,0.2,0.200992,0.162655,0.164943
8.145,0.2,0.200992,0.162641,0.164943
8.15,0.2,0.200992,0.162627,0.164943
8.155,0.2,0.200992,0.162613,0.164943
8.16,0.2,0.200992,0.162599,0.164943
8.165,0.2,0.200992,0.162586,0.164943
8.17,0.2,0.201375,0.162385,0.164943
8.175,0.2,0.201375,0.162378,0.164943
8.18,0.2,0.201375,0.16237,0.164943
8.185,0.2,0.201375,0.162361,0.164943
8.19,0.2,0.201375,0.162352,0.164943
8.195,0.2,0.201375,0.162343,0.164943
8.2,0.2,0.201375,0.162333,0.164943
8.205,0.2,0.201375,0.162323,0.164943
8.21,0.2,0.201375,0.162312,0.164943
8.215,0.2,0.201375,0.162302,0.164943
8.22,0.2,0.201375,0.162291,0.164943
8.225,0.2,0.201375,0.16228,0.164943
8.23,0.2,0.201375,0.162268,0.164943
8.235,0.2,0.201375,0.162257,0.164943
8.24,0.2,0.201375,0.162245,0.164943
8.245,0.2,0.201375,0.162233,0.164943
8.25,0.2,0.201375,0.162221,0.164943
8.255,0.2,0.201375,0.162208,0.164943
8.26,0.2,0.201375,0.162196,0.164943
8.265,0.2,0.201375,0.162183,0.164943
8.27,0.2,0.201375,0.162171,0.164943
8.275,0.2,0.201375,0.162158,0.164943
8.28,0.2,0.201375,0.162145,0.164943
8.285,0.2,0.201375,0.162132,0.164943
8.29,0.2,0.201375,0.162119,0.164943
8.295,0.2,0.201375,0.162106,0.164943
8.3,0.2,0.201375,0.162093,0.164943
8.305,0.2,0.201375,0.16208,0.164943
8.31,0.2,0.201375,0.162067,0.164943
8.315,0.2,0.201375,0.162054,0.164943
8.32,0.2,0.201375,0.16204,0.164943
8.325,0.2,0.201375,0.162027,0.164943
8.33,0.2,0.201375,0.162014,0.164943
8.335,0.2,0.201375,0.162,0.164943
8.34,0.2,0.201375,0.161987,0.164943
8.345,0.2,0.201375,0.161973,0.164943
8.35,0.2,0.201375,0.16196,0.164943
8.355,0.2,0.201375,0.161946,0.164943
8.36,0.2,0.201375,0.161933,0.164943
8.365,0.2,0.201375,0.161919,0.164943
8.37,0.2,0.201375,0.161906,0.164943
8.375,0.2,0.201375,0.161892,0.164943
8.38,0.2,0.201375,0.161879,0.164943
8.385,0.2,0.201375,0.161865,0.164943
8.39,0.2,0.201375,0.161851,0.164943
8.395,0.2,0.201375,0.161838,0.164943
8.4,0.2,0.201375,0.161824,0.164943
8.405,0.2,0.201375,0.16181,0.164943
8.41,0.2,0.201375,0.161797,0.164943
8.415,0.2,0.201375,0.161783,0.164943
8.42,0.2,0.201375,0.161769,0.164943
8.425,0.2,0.201375,0.161756,0.164943
8.43,0.2,0.201375,0.161742,0.164943
8.435,0.2,0.201375,0.161728,0.164943
8.44,0.2,0.201375,0.161715,0.164943
8.445,0.2,0.201759,0.161512,0.164943
8.45,0.2,0.201759,0.161504,0.164943
8.455,0.2,0.201759,0.161494,0.164943
8.46,0.2,0.201759,0.161484,0.164943
8.465,0.2,0.201759,0.161474,0.164943
8.47,0.2,0.201759,0.161462,0.164943
8.475,0.2,0.201759,0.16145,0.164943
8.48,0.2,0.201759,0.161438,0.164943
8.485,0.2,0.201759,0.161425,0.164943
8.49,0.2,0.201759,0.161412,0.164943
8.495,0.2,0.202142,0.16121,0.164943
8.5,0.2,0.202142,0.161202,0.164943
8.505,0.2,0.202142,0.161192,0.164943
8.51,0.2,0.202142,0.161181,0.164943
8.515,0.2,0.202142,0.161169,0.164943
8.52,0.2,0.202142,0.161156,0.164943
8.525,0.2,0.202142,0.161143,0.164943
8.53,0.2,0.202142,0.161129,0.164943
8.535,0.2,0.202142,0.161114,0.164943
8.54,0.2,0.202142,0.161099,0.164943
8.545,0.2,0.200608,0.161837,0.163409
8.55,0.2,0.200608,0.1618,0.163409
8.555,0.2,0.200608,0.161766,0.163409
8.56,0.2,0.200608,0.161734,0.163409
8.565,0.2,0.200608,0.161705,0.163409
8.57,0.2,0.200608,0.161677,0.163409
8.575,0.2,0.200608,0.161652,0.163409
8.58,0.2,0.200608,0.161628,0.163409
8.585,0.2,0.200608,0.161605,0.163409
8.59,0.2,0.200608,0.161584,0.163409
8.595,0.2,0.200608,0.161564,0.163409
8.6,0.2,0.200608,0.161546,0.163409
8.605,0.2,0.200992,0.16134,0.163409
8.61,0.2,0.200992,0.161328,0.163409
8.615,0.2,0.200992,0.161317,0.163409
8.62,0.2,0.200992,0.161306,0.163409
8.625,0.2,0.200992,0.161295,0.163409
8.63,0.2,0.200992,0.161284,0.163409
8.635,0.2,0.200992,0.161273,0.163409
8.64,0.2,0.200992,0.161262,0.163409
8.645,0.2,0.200992,0.161252,0.163409
8.65,0.2,0.200992,0.161241,0.163409
8.655,0.2,0.200992,0.16123,0.163409
8.66,0.2,0.200992,0.16122,0.163409
8.665,0.2,0.200992,0.161209,0.163409
8.67,0.2,0.200992,0.161199,0.163409
8.675,0.2,0.200992,0.161189,0.163409
8.68,0.2,0.200992,0.161178,0.163409
8.685,0.2,0.200992,0.161168,0.163409
8.69,0.2,0.200992,0.161158,0.163409
8.695,0.2,0.200992,0.161148,0.163409
8.7,0.2,0.200992,0.161137,0.163409
8.705,0.2,0.200992,0.161127,0.163409
8.71,0.2,0.200992,0.161117,0.163409
8.715,0.2,0.200992,0.161107,0.163409
8.72,0.2,0.200992,0.161097,0.163409
8.725,0.2,0.200992,0.161087,0.163409
8.73,0.2,0.200992,0.161077,0.163409
8.735,0.2,0.200992,0.161066,0.163409
8.74,0.2,0.200992,0.161056,0.163409
8.745,0.2,0.200992,0.161046,0.163409
8.75,0.2,0.200992,0.161036,0.163409
8.755,0.2,0.200992,0.161026,0.163409
8.76,0.2,0.200992,0.161016,0.163409
8.765,0.2,0.200992,0.161006,0.163409
8.77,0.2,0.200992,0.160996,0.163409
8.775,0.2,0.200992,0.160986,0.163409
8.78,0.2,0.200992,0.160976,0.163409
8.785,0.2,0.200992,0.160966,0.163409
8.79,0.2,0.200992,0.160956,0.163409
8.795,0.2,0.200992,0.160946,0.163409
8.8,0.2,0.200992,0.160936,0.163409
8.805,0.2,0.200992,0.160926,0.163409
8.81,0.2,0.200992,0.160917,0.163409
8.815,0.2,0.200992,0.160907,0.163409
8.82,0.2,0.200992,0.160897,0.163409
8.825,0.2,0.200992,0.160887,0.163409
8.83,0.2,0.200992,0.160877,0.163409
8.835,0.2,0.200992,0.160867,0.163409
8.84,0.2,0.200992,0.160857,0.163409
8.845,0.2,0.200992,0.160847,0.163409
8.85,0.2,0.200992,0.160837,0.163409
8.855,0.2,0.200992,0.160827,0.163409
8.86,0.2,0.200992,0.160817,0.163409
8.865,0.2,0.200992,0.160807,0.163409
8.87,0.2,0.200992,0.160797,0.163409
8.875,0.2,0.200992,0.160787,0.163409
8.88,0.2,0.200992,0.160777,0.163409
8.885,0.2,0.200992,0.160767,0.163409
8.89,0.2,0.200992,0.160757,0.163409
8.895,0.2,0.200992,0.160748,0.163409
8.9,0.2,0.200992,0.160738,0.163409
8.905,0.2,0.200992,0.160728,0.163409
8.91,0.2,0.200992,0.160718,0.163409
8.915,0.2,0.200992,0.160708,0.163409
8.92,0.2,0.200992,0.160698,0.163409
8.925,0.2,0.200992,0.160688,0.163409
8.93,0.2,0.200992,0.160678,0.163409
8.935,0.2,0.201375,0.16048,0.163409
8.94,0.2,0.201375,0.160475,0.163409
8.945,0.2,0.201375,0.16047,0.163409
8.95,0.2,0.201375,0.160463,0.163409
8.955,0.2,0.201375,0.160456,0.163409
8.96,0.2,0.201375,0.160449,0.163409
8.965,0.2,0.201375,0.160441,0.163409
8.97,0.2,0.201375,0.160432,0.163409
8.975,0.2,0.201375,0.160423,0.163409
8.98,0.2,0.201375,0.160414,0.163409
8.985,0.2,0.201375,0.160404,0.163409
8.99,0.2,0.201375,0.160394,0.163409
8.995,0.2,0.201375,0.160384,0.163409
9,0.2,0.201375,0.160373,0.163409
9.005,0.2,0.201375,0.160362,0.163409
9.01,0.2,0.201375,0.160351,0.163409
9.015,0.2,0.201375,0.160339,0.163409
9.02,0.2,0.201375,0.160328,0.163409
9.025,0.2,0.201375,0.160316,0.163409
9.03,0.2,0.201375,0.160304,0.163409
9.035,0.2,0.201375,0.160292,0.163409
9.04,0.2,0.201375,0.160279,0.163409
9.045,0.2,0.201375,0.160267,0.163409
9.05,0.2,0.201375,0.160255,0.163409
9.055,0.2,0.201375,0.160242,0.163409
9.06,0.2,0.201375,0.160229,0.163409
9.065,0.2,0.201375,0.160216,0.163409
9.07,0.2,0.201375,0.160204,0.163409
9.075,0.2,0.201375,0.160191,0.163409
9.08,0.2,0.201375,0.160178,0.163409
9.085,0.2,0.201375,0.160164,0.163409
9.09,0.2,0.201375,0.160151,0.163409
9.095,0.2,0.201375,0.160138,0.163409
9.1,0.2,0.201375,0.160125,0.163409
9.105,0.2,0.201375,0.160112,0.163409
9.11,0.2,0.201375,0.160098,0.163409
9.115,0.2,0.201375,0.160085,0.163409
9.12,0.2,0.201759,0.159883,0.163409
9.125,0.2,0.201759,0.159875,0.163409
9.13,0.2,0.201759,0.159865,0.163409
9.135,0.2,0.201759,0.159856,0.163409
9.14,0.2,0.201759,0.159845,0.163409
9.145,0.2,0.201759,0.159834,0.163409
9.15,0.2,0.201759,0.159822,0.163409
9.155,0.2,0.200224,0.160564,0.161874
9.16,0.2,0.200224,0.160531,0.161874
9.165,0.2,0.200224,0.1605,0.161874
9.17,0.2,0.200224,0.160472,0.161874
9.175,0.2,0.200224,0.160446,0.161874
9.18,0.2,0.200224,0.160423,0.161874
9.185,0.2,0.201759,0.159647,0.163409
9.19,0.2,0.201759,0.159647,0.163409
9.195,0.2,0.201759,0.159646,0.163409
9.2,0.2,0.201759,0.159643,0.163409
9.205,0.2,0.201759,0.159639,0.163409
9.21,0.2,0.201759,0.159634,0.163409
9.215,0.2,0.201759,0.159628,0.163409
9.22,0.2,0.200224,0.160374,0.161874
9.225,0.2,0.200224,0.160346,0.161874
9.23,0.2,0.200607,0.160131,0.161874
9.235,0.2,0.200607,0.160112,0.161874
9.24,0.2,0.200607,0.160094,0.161874
9.245,0.2,0.200607,0.160077,0.161874
9.25,0.2,0.200607,0.160061,0.161874
9.255,0.2,0.200607,0.160046,0.161874
9.26,0.2,0.200607,0.160032,0.161874
9.265,0.2,0.200607,0.160018,0.161874
9.27,0.2,0.200607,0.160005,0.161874
9.275,0.2,0.200607,0.159993,0.161874
9.28,0.2,0.202142,0.159227,0.163409
9.285,0.2,0.202142,0.159236,0.163409
9.29,0.2,0.202142,0.159242,0.163409
9.295,0.2,0.202142,0.159247,0.163409
9.3,0.2,0.202142,0.159248,0.163409
9.305,0.2,0.202142,0.159248,0.163409
9.31,0.2,0.202142,0.159246,0.163409
9.315,0.2,0.200607,0.159997,0.161874
9.32,0.2,0.200607,0.159971,0.161874
9.325,0.2,0.200607,0.159947,0.161874
9.33,0.2,0.200607,0.159924,0.161874
9.335,0.2,0.200607,0.159903,0.161874
9.34,0.2,0.200607,0.159884,0.161874
9.345,0.2,0.200607,0.159865,0.161874
9.35,0.2,0.200607,0.159848,0.161874
9.355,0.2,0.200607,0.159831,0.161874
9.36,0.2,0.200607,0.159816,0.161874
9.365,0.2,0.200607,0.159801,0.161874
9.37,0.2,0.200607,0.159787,0.161874
9.375,0.2,0.200607,0.159773,0.161874
9.38,0.2,0.200607,0.159761,0.161874
9.385,0.2,0.200607,0.159749,0.161874
9.39,0.2,0.200607,0.159737,0.161874
9.395,0.2,0.200607,0.159726,0.161874
9.4,0.2,0.200607,0.159715,0.161874
9.405,0.2,0.200607,0.159705,0.161874
9.41,0.2,0.200607,0.159695,0.161874
9.415,0.2,0.200607,0.159685,0.161874
9.42,0.2,0.200607,0.159676,0.161874
9.425,0.2,0.200607,0.159667,0.161874
9.43,0.2,0.200607,0.159658,0.161874
9.435,0.2,0.200607,0.15965,0.161874
9.44,0.2,0.200607,0.159641,0.161874
9.445,0.2,0.200607,0.159633,0.161874
9.45,0.2,0.200607,0.159625,0.161874
9.455,0.2,0.200607,0.159617,0.161874
9.46,0.2,0.200607,0.15961,0.161874
9.465,0.2,0.200607,0.159602,0.161874
9.47,0.2,0.200607,0.159595,0.161874
9.475,0.2,0.200607,0.159587,0.161874
9.48,0.2,0.200607,0.15958,0.161874
9.485,0.2,0.200607,0.159573,0.161874
9.49,0.2,0.200607,0.159566,0.161874
9.495,0.2,0.200607,0.159559,0.161874
9.5,0.2,0.200607,0.159552,0.161874
9.505,0.2,0.200607,0.159546,0.161874
9.51,0.2,0.200607,0.159539,0.161874
9.515,0.2,0.200607,0.159532,0.161874
9.52,0.2,0.200607,0.159526,0.161874
9.525,0.2,0.200607,0.159519,0.161874
9.53,0.2,0.200607,0.159513,0.161874
9.535,0.2,0.200607,0.159506,0.161874
9.54,0.2,0.200991,0.159311,0.161874
9.545,0.2,0.200991,0.15931,0.161874
9.55,0.2,0.200991,0.159308,0.161874
9.555,0.2,0.200991,0.159305,0.161874
9.56,0.2,0.200991,0.159302,0.161874
9.565,0.2,0.200991,0.159298,0.161874
9.57,0.2,0.200991,0.159293,0.161874
9.575,0.2,0.200991,0.159288,0.161874
9.58,0.2,0.200991,0.159283,0.161874
9.585,0.2,0.200991,0.159277,0.161874
9.59,0.2,0.200991,0.159271,0.161874
9.595,0.2,0.200991,0.159265,0.161874
9.6,0.2,0.200991,0.159258,0.161874
9.605,0.2,0.200991,0.159251,0.161874
9.61,0.2,0.200991,0.159244,0.161874
9.615,0.2,0.200991,0.159237,0.161874
9.62,0.2,0.200991,0.159229,0.161874
9.625,0.2,0.200991,0.159221,0.161874
9.63,0.2,0.200991,0.159213,0.161874
9.635,0.2,0.200991,0.159205,0.161874
9.64,0.2,0.200991,0.159196,0.161874
9.645,0.2,0.200991,0.159188,0.161874
9.65,0.2,0.200991,0.159179,0.161874
9.655,0.2,0.200991,0.159171,0.161874
9.66,0.2,0.200991,0.159162,0.161874
9.665,0.2,0.200991,0.159153,0.161874
9.67,0.2,0.200991,0.159144,0.161874
9.675,0.2,0.200991,0.159135,0.161874
9.68,0.2,0.200991,0.159126,0.161874
9.685,0.2,0.200991,0.159116,0.161874
9.69,0.2,0.200991,0.159107,0.161874
9.695,0.2,0.200991,0.159098,0.161874
9.7,0.2,0.200991,0.159088,0.161874
9.705,0.2,0.200991,0.159079,0.161874
9.71,0.2,0.200991,0.159069,0.161874
9.715,0.2,0.200991,0.15906,0.161874
9.72,0.2,0.200991,0.15905,0.161874
9.725,0.2,0.200991,0.159041,0.161874
9.73,0.2,0.200991,0.159031,0.161874
9.735,0.2,0.200991,0.159022,0.161874
9.74,0.2,0.200991,0.159012,0.161874
9.745,0.2,0.200991,0.159002,0.161874
9.75,0.2,0.200991,0.158993,0.161874
9.755,0.2,0.200991,0.158983,0.161874
9.76,0.2,0.200991,0.158973,0.161874
9.765,0.2,0.200991,0.158963,0.161874
9.77,0.2,0.200991,0.158954,0.161874
9.775,0.2,0.200991,0.158944,0.161874
9.78,0.2,0.200991,0.158934,0.161874
9.785,0.2,0.200991,0.158924,0.161874
9.79,0.2,0.200991,0.158914,0.161874
9.795,0.2,0.202909,0.157963,0.163409
9.8,0.2,0.202909,0.157978,0.163409
9.805,0.2,0.202909,0.15799,0.163409
9.81,0.2,0.202909,0.157999,0.163409
9.815,0.2,0.202909,0.158004,0.163409
9.82,0.2,0.202909,0.158006,0.163409
9.825,0.2,0.201374,0.158759,0.161874
9.83,0.2,0.201374,0.158736,0.161874
9.835,0.2,0.201374,0.158713,0.161874
9.84,0.2,0.201374,0.158692,0.161874
9.845,0.2,0.201374,0.15867,0.161874
9.85,0.2,0.201374,0.15865,0.161874
9.855,0.2,0.201374,0.15863,0.161874
9.86,0.2,0.201374,0.158611,0.161874
9.865,0.2,0.201374,0.158592,0.161874
9.87,0.2,0.201374,0.158573,0.161874
9.875,0.2,0.201374,0.158555,0.161874
9.88,0.2,0.201374,0.158537,0.161874
9.885,0.2,0.201374,0.15852,0.161874
9.89,0.2,0.201374,0.158503,0.161874
9.895,0.2,0.201374,0.158486,0.161874
9.9,0.2,0.201374,0.15847,0.161874
9.905,0.2,0.201374,0.158454,0.161874
9.91,0.2,0.201374,0.158438,0.161874
9.915,0.2,0.201757,0.158233,0.161874
9.92,0.2,0.201757,0.158223,0.161874
9.925,0.2,0.201757,0.158212,0.161874
9.93,0.2,0.201757,0.1582,0.161874
9.935,0.2,0.201757,0.158188,0.161874
9.94,0.2,0.201757,0.158175,0.161874
9.945,0.2,0.201757,0.158162,0.161874
9.95,0.2,0.201757,0.158149,0.161874
9.955,0.2,0.200223,0.158889,0.16034
9.96,0.2,0.200223,0.158854,0.16034
9.965,0.2,0.200223,0.158822,0.16034
9.97,0.2,0.200223,0.158793,0.16034
9.975,0.2,0.200223,0.158766,0.16034
9.98,0.2,0.200223,0.158741,0.16034
9.985,0.2,0.201757,0.157964,0.161874
9.99,0.2,0.201757,0.157964,0.161874
9.995,0.2,0.201757,0.157962,0.161874
10,0,0.201757,-0.0860419,0.161874
10.005,0,0.201757,-0.0880465,0.161874
10.01,0,0.201757,-0.0900523,0.161874
10.015,0,0.201757,-0.092059,0.161874
10.02,0,0.200223,-0.0933129,0.16034
10.025,0,0.200223,-0.0953419,0.16034
10.03,0,0.200223,-0.0973687,0.16034
10.035,0,0.200607,-0.099582,0.16034
10.04,0,0.200607,-0.1016,0.16034
10.045,0,0.200607,-0.103616,0.16034
10.05,0,0.200607,-0.105632,0.16034
10.055,0,0.200607,-0.107647,0.16034
10.06,0,0.200607,-0.109661,0.16034
10.065,0,0.200607,-0.111674,0.16034
10.07,0,0.200607,-0.113687,0.16034
10.075,0,0.200607,-0.115699,0.16034
10.08,0,0.200607,-0.117711,0.16034
10.085,0,0.200607,-0.119722,0.16034
10.09,0,0.200607,-0.121733,0.16034
10.095,0,0.210578,-0.128642,0.16034
10.1,0,0.210578,-0.130519,0.16034
10.105,0,0.231287,-0.14259,0.16034
10.11,0,0.231287,-0.144227,0.16034
10.115,0,0.209035,-0.13499,0.12505
10.12,0,0.209035,-0.137037,0.12505
10.125,0,0.212103,-0.140594,0.12505
10.13,0,0.212103,-0.142607,0.12505
10.135,0,0.212487,-0.144817,0.12505
10.14,0,0.212487,-0.146843,0.12505
10.145,0,0.102781,-0.094977,0.0176451
10.15,0,0.102781,-0.0984853,0.0176451
10.155,0,0.102014,-0.101403,0.0176451
10.16,0,0.102014,-0.104513,0.0176451
10.165,0,0.102014,-0.107443,0.0176451
10.17,0,0.102014,-0.110208,0.0176451
10.175,0,0.0954951,-0.10962,0.0176451
10.18,0,0.0279834,-0.0790154,-0.0498666
10.185,0,0.00113845,-0.0691547,-0.0498666
10.19,0,0.00113845,-0.0725796,-0.0498666
10.195,0,0.00113845,-0.0757104,-0.0498666
10.2,0,-0.0188036,-0.0687748,-0.0498666
10.205,0,-0.0391285,-0.0616722,-0.0498666
10.21,0,-0.0851592,-0.0419472,-0.0958972
10.215,0,-0.100882,-0.0374454,-0.0958972
10.22,0,-0.100882,-0.0405277,-0.0958972
10.225,0,-0.117373,-0.0351555,-0.0958972
10.23,0,-0.117373,-0.0377838,-0.0958972
10.235,0,-0.117373,-0.0400847,-0.0958972
10.24,0,-0.149975,-0.0260688,-0.115844
10.245,0,-0.154577,-0.0259718,-0.115844
10.25,0,-0.154577,-0.0278817,-0.115844
10.255,0,-0.154961,-0.0293053,-0.115844
10.26,0,-0.154961,-0.0306507,-0.115844
10.265,0,-0.149592,-0.0343846,-0.115844
10.27,0,-0.149592,-0.035181,-0.115844
10.275,0,-0.144989,-0.0380415,-0.111241
10.28,0,-0.132717,-0.0444278,-0.111241
10.285,0,-0.132717,-0.0444652,-0.111241
10.29,0,-0.123129,-0.0490956,-0.111241
10.295,0,-0.119678,-0.0504754,-0.111241
10.3,0,-0.119678,-0.0500346,-0.111241
10.305,0,-0.106636,-0.0559362,-0.1005
10.31,0,-0.106636,-0.0551964,-0.1005
10.315,0,-0.106636,-0.0544286,-0.1005
10.32,0,-0.104335,-0.0547655,-0.1005
10.325,0,-0.104335,-0.0539177,-0.1005
10.33,0,-0.10165,-0.0543722,-0.1005
10.335,0,-0.0985833,-0.0549631,-0.1005
10.34,0,-0.0648275,-0.0705821,-0.0667445
10.345,0,-0.0606085,-0.0712363,-0.0667445
10.35,0,-0.0606085,-0.0698277,-0.0667445
10.355,0,-0.0606085,-0.0684881,-0.0667445
10.36,0,-0.0556235,-0.069661,-0.0667445
10.365,0,-0.0556235,-0.0683757,-0.0667445
10.37,0,-0.0287735,-0.0803449,-0.0452635
10.375,0,-0.0241715,-0.0810819,-0.0452635
10.38,0,-0.0241715,-0.0796028,-0.0452635
10.385,0,-0.0195695,-0.0804914,-0.0452635
10.39,0,-0.0195695,-0.0791548,-0.0452635
10.395,0,-0.0195695,-0.0779164,-0.0452635
10.4,0,-0.0111314,-0.0809136,-0.0406604
10.405,0,-0.0111314,-0.0797343,-0.0406604
10.41,0,-0.00921342,-0.0795894,-0.0406604
10.415,0,-0.00921342,-0.0785605,-0.0406604
10.42,0,-0.00883042,-0.0778005,-0.0406604
10.425,0,-0.00883042,-0.0769209,-0.0406604
10.43,0,-0.00883042,-0.0761095,-0.0406604
10.435,0,-0.0134335,-0.0730988,-0.0452635
10.44,0,-0.0149675,-0.0717145,-0.0452635
10.445,0,-0.0149675,-0.071147,-0.0452635
10.45,0,-0.0188025,-0.0687314,-0.0452635
10.455,0,-0.0188025,-0.0682841,-0.0452635
10.46,0,-0.0218705,-0.0663518,-0.0452635
10.465,0,-0.0295423,-0.062219,-0.0529353
10.47,0,-0.0314593,-0.0610287,-0.0529353
10.475,0,-0.0314593,-0.0608017,-0.0529353
10.48,0,-0.0329933,-0.0598136,-0.0529353
10.485,0,-0.0329933,-0.0595927,-0.0529353
10.49,0,-0.0333773,-0.0591738,-0.0529353
10.495,0,-0.0333773,-0.0589401,-0.0529353
10.5,0,-0.0445007,-0.0532326,-0.0636757
10.505,0,-0.0445007,-0.0531311,-0.0636757
10.51,0,-0.0448847,-0.0528114,-0.0636757
10.515,0,-0.0448847,-0.0526584,-0.0636757
10.52,0,-0.0460347,-0.0519149,-0.0636757
10.525,0,-0.0460347,-0.0517285,-0.0636757
10.53,0,-0.0567749,-0.0462418,-0.0728819
10.535,0,-0.0567749,-0.0461538,-0.0728819
10.54,0,-0.0583089,-0.0452708,-0.0728819
10.545,0,-0.0583089,-0.0451242,-0.0728819
10.55,0,-0.0598429,-0.0441864,-0.0728819
10.555,0,-0.0598429,-0.0439884,-0.0728819
10.56,0,-0.0629112,-0.0422484,-0.0744162
10.565,0,-0.0629112,-0.0420254,-0.0744162
10.57,0,-0.0632952,-0.0415788,-0.0744162
10.575,0,-0.0632952,-0.0412939,-0.0744162
10.58,0,-0.0636782,-0.040791,-0.0744162
10.585,0,-0.0636782,-0.0404539,-0.0744162
10.59,0,-0.0636782,-0.040091,-0.0744162
10.595,0,-0.0575408,-0.0427199,-0.0682788
10.6,0,-0.0575408,-0.0422298,-0.0682788
10.605,0,-0.0575408,-0.0417324,-0.0682788
10.61,0,-0.0575408,-0.0412282,-0.0682788
10.615,0,-0.0575408,-0.0407179,-0.0682788
10.62,0,-0.0575408,-0.040202,-0.0682788
10.625,0,-0.0514034,-0.0426964,-0.0621414
10.63,0,-0.0514034,-0.0420886,-0.0621414
10.635,0,-0.0514034,-0.041489,-0.0621414
10.64,0,-0.0506364,-0.0412735,-0.0621414
10.645,0,-0.0506364,-0.0406777,-0.0621414
10.65,0,-0.0502534,-0.0402777,-0.0621414
10.655,0,-0.0502534,-0.0396915,-0.0621414
10.66,0,-0.043732,-0.0423166,-0.056004
10.665,0,-0.043732,-0.041657,-0.056004
10.67,0,-0.043732,-0.0410166,-0.056004
10.675,0,-0.043732,-0.0403937,-0.056004
10.68,0,-0.043732,-0.0397867,-0.056004
10.685,0,-0.043732,-0.0391944,-0.056004
10.69,0,-0.0375945,-0.0416307,-0.0498666
10.695,0,-0.0375945,-0.0409819,-0.0498666
10.7,0,-0.0375945,-0.0403566,-0.0498666
10.705,0,-0.0375945,-0.0397527,-0.0498666
10.71,0,-0.0368275,-0.0395453,-0.0498666
10.715,0,-0.0368275,-0.0389688,-0.0498666
10.72,0,-0.0318415,-0.0408599,-0.0452635
10.725,0,-0.0318415,-0.0402511,-0.0452635
10.73,0,-0.0318415,-0.0396672,-0.0452635
10.735,0,-0.0318415,-0.0391062,-0.0452635
10.74,0,-0.0318415,-0.0385661,-0.0452635
10.745,0,-0.0318415,-0.0380451,-0.0452635
10.75,0,-0.0318415,-0.0375416,-0.0452635
10.755,0,-0.0303071,-0.0378078,-0.0437291
10.76,0,-0.0303071,-0.0373143,-0.0437291
10.765,0,-0.0303071,-0.0368372,-0.0437291
10.77,0,-0.0303071,-0.036375,-0.0437291
10.775,0,-0.0303071,-0.0359266,-0.0437291
10.78,0,-0.0303071,-0.0354907,-0.0437291
10.785,0,-0.0303071,-0.0350662,-0.0437291
10.79,0,-0.0303071,-0.0346522,-0.0437291
10.795,0,-0.0303071,-0.0342477,-0.0437291
10.8,0,-0.0303071,-0.033852,-0.0437291
10.805,0,-0.0303071,-0.0334642,-0.0437291
10.81,0,-0.0303071,-0.0330837,-0.0437291
10.815,0,-0.0303071,-0.0327099,-0.0437291
10.82,0,-0.0287728,-0.0330961,-0.0421948
10.825,0,-0.0287728,-0.0327134,-0.0421948
10.83,0,-0.0287728,-0.032339,-0.0421948
10.835,0,-0.0287728,-0.031972,-0.0421948
10.84,0,-0.0287728,-0.0316118,-0.0421948
10.845,0,-0.0287728,-0.0312579,-0.0421948
10.85,0,-0.0287728,-0.0309096,-0.0421948
10.855,0,-0.0287728,-0.0305666,-0.0421948
10.86,0,-0.0291558,-0.0300402,-0.0421948
10.865,0,-0.0291558,-0.0297114,-0.0421948
10.87,0,-0.0295398,-0.0291972,-0.0421948
10.875,0,-0.0295398,-0.0288796,-0.0421948
10.88,0,-0.0280054,-0.0293179,-0.0406604
10.885,0,-0.0280054,-0.0289835,-0.0406604
10.89,0,-0.0280054,-0.0286538,-0.0406604
10.895,0,-0.0280054,-0.0283284,-0.0406604
10.9,0,-0.0280054,-0.0280069,-0.0406604
10.905,0,-0.0280054,-0.0276889,-0.0406604
10.91,0,-0.0280054,-0.0273742,-0.0406604
10.915,0,-0.0249367,-0.0285702,-0.0375917
10.92,0,-0.0249367,-0.0282202,-0.0375917
10.925,0,-0.0249367,-0.0278789,-0.0375917
10.93,0,-0.0249367,-0.0275455,-0.0375917
10.935,0,-0.0249367,-0.0272193,-0.0375917
10.94,0,-0.0249367,-0.0268998,-0.0375917
10.945,0,-0.0234024,-0.0273401,-0.0360574
10.95,0,-0.0234024,-0.0270116,-0.0360574
10.955,0,-0.0234024,-0.0266912,-0.0360574
10.96,0,-0.0234024,-0.0263783,-0.0360574
10.965,0,-0.0234024,-0.0260722,-0.0360574
10.97,0,-0.0234024,-0.0257723,-0.0360574
10.975,0,-0.0234024,-0.025478,-0.0360574
10.98,0,-0.021868,-0.0259428,-0.034523
10.985,0,-0.021868,-0.025638,-0.034523
10.99,0,-0.021868,-0.0253406,-0.034523
10.995,0,-0.021868,-0.02505,-0.034523
11,0,-0.021868,-0.0247655,-0.034523
11.005,0,-0.021868,-0.0244868,-0.034523
11.01,0,-0.0203336,-0.024967,-0.0329886
11.015,0,-0.0203336,-0.0246776,-0.0329886
11.02,0,-0.0203336,-0.0243957,-0.0329886
11.025,0,-0.0207166,-0.0239323,-0.0329886
11.03,0,-0.0207166,-0.0236684,-0.0329886
11.035,0,-0.0207166,-0.0234094,-0.0329886
11.04,0,-0.0191823,-0.0239087,-0.0314543
11.045,0,-0.0191823,-0.0236378,-0.0314543
11.05,0,-0.0191823,-0.0233736,-0.0314543
11.055,0,-0.0191823,-0.0231157,-0.0314543
11.06,0,-0.0191823,-0.0228635,-0.0314543
11.065,0,-0.0191823,-0.0226165,-0.0314543
11.07,0,-0.0191823,-0.0223742,-0.0314543
11.075,0,-0.0176479,-0.0228901,-0.0299199
11.08,0,-0.0176479,-0.0226357,-0.0299199
11.085,0,-0.0176479,-0.0223879,-0.0299199
11.09,0,-0.0176479,-0.0221463,-0.0299199
11.095,0,-0.0176479,-0.0219103,-0.0299199
11.1,0,-0.0176479,-0.0216794,-0.0299199
11.105,0,-0.0180319,-0.0212646,-0.0299199
11.11,0,-0.0180319,-0.0210478,-0.0299199
11.115,0,-0.0180319,-0.0208342,-0.0299199
11.12,0,-0.0180319,-0.0206234,-0.0299199
11.125,0,-0.0180319,-0.0204153,-0.0299199
11.13,0,-0.0180319,-0.0202095,-0.0299199
11.135,0,-0.0180319,-0.020006,-0.0299199
11.14,0,-0.0164976,-0.0205583,-0.0283856
11.145,0,-0.0164976,-0.020338,-0.0283856
11.15,0,-0.0164976,-0.0201225,-0.0283856
11.155,0,-0.0164976,-0.0199114,-0.0283856
11.16,0,-0.0164976,-0.0197043,-0.0283856
11.165,0,-0.0164976,-0.0195007,-0.0283856
11.17,0,-0.0149632,-0.0200544,-0.0268512
11.175,0,-0.0149632,-0.0198367,-0.0268512
11.18,0,-0.0149632,-0.0196249,-0.0268512
11.185,0,-0.0149632,-0.0194184,-0.0268512
11.19,0,-0.0149632,-0.0192169,-0.0268512
11.195,0,-0.0149632,-0.0190198,-0.0268512
11.2,0,-0.0134289,-0.0195806,-0.0253169
11.205,0,-0.0138119,-0.0191827,-0.0253169
11.21,0,-0.0138119,-0.0189845,-0.0253169
11.215,0,-0.0138119,-0.0187915,-0.0253169
11.22,0,-0.0138119,-0.0186033,-0.0253169
11.225,0,-0.0138119,-0.0184193,-0.0253169
11.23,0,-0.0138119,-0.0182393,-0.0253169
11.235,0,-0.0138119,-0.0180629,-0.0253169
11.24,0,-0.0138119,-0.0178898,-0.0253169
11.245,0,-0.0138119,-0.0177198,-0.0253169
11.25,0,-0.0138119,-0.0175524,-0.0253169
11.255,0,-0.0138119,-0.0173876,-0.0253169
11.26,0,-0.0138119,-0.0172251,-0.0253169
11.265,0,-0.0107432,-0.0185724,-0.0222482
11.27,0,-0.0107432,-0.0183729,-0.0222482
11.275,0,-0.0107432,-0.0181813,-0.0222482
11.28,0,-0.0107432,-0.0179969,-0.0222482
11.285,0,-0.0107432,-0.0178192,-0.0222482
11.29,0,-0.0107432,-0.0176476,-0.0222482
11.295,0,-0.0107432,-0.0174815,-0.0222482
11.3,0,-0.0107432,-0.0173204,-0.0222482
11.305,0,-0.0107432,-0.0171639,-0.0222482
11.31,0,-0.0107432,-0.0170117,-0.0222482
11.315,0,-0.0107432,-0.0168633,-0.0222482
11.32,0,-0.0107432,-0.0167185,-0.0222482
11.325,0,-0.0111272,-0.0163882,-0.0222482
11.33,0,-0.0111272,-0.0162547,-0.0222482
11.335,0,-0.0111272,-0.016123,-0.0222482
11.34,0,-0.0111272,-0.0159932,-0.0222482
11.345,0,-0.0111272,-0.0158649,-0.0222482
11.35,0,-0.0111272,-0.0157381,-0.0222482
11.355,0,-0.0111272,-0.0156126,-0.0222482
11.36,0,-0.0111272,-0.0154884,-0.0222482
11.365,0,-0.0111272,-0.0153652,-0.0222482
11.37,0,-0.0111272,-0.0152431,-0.0222482
11.375,0,-0.0111272,-0.015122,-0.0222482
11.38,0,-0.0111272,-0.0150016,-0.0222482
11.385,0,-0.0111272,-0.0148821,-0.0222482
11.39,0,-0.0111272,-0.0147633,-0.0222482
11.395,0,-0.0095928,-0.0153989,-0.0207138
11.4,0,-0.0095928,-0.0152608,-0.0207138
11.405,0,-0.0095928,-0.0151264,-0.0207138
11.41,0,-0.0095928,-0.0149952,-0.0207138
11.415,0,-0.0095928,-0.0148671,-0.0207138
11.42,0,-0.0095928,-0.0147418,-0.0207138
11.425,0,-0.0095928,-0.014619,-0.0207138
11.43,0,-0.0095928,-0.0144985,-0.0207138
11.435,0,-0.0095928,-0.0143801,-0.0207138
11.44,0,-0.0095928,-0.0142637,-0.0207138
11.445,0,-0.0095928,-0.014149,-0.0207138
11.45,0,-0.0095928,-0.0140359,-0.0207138
11.455,0,-0.0099758,-0.0137362,-0.0207138
11.46,0,-0.00844144,-0.0143849,-0.0191794
11.465,0,-0.00844144,-0.0142597,-0.0191794
11.47,0,-0.00844144,-0.0141381,-0.0191794
11.475,0,-0.00844144,-0.0140196,-0.0191794
11.48,0,-0.00844144,-0.0139041,-0.0191794
11.485,0,-0.00844144,-0.0137913,-0.0191794
11.49,0,-0.00690709,-0.0144347,-0.0176451
11.495,0,-0.00690709,-0.0143061,-0.0176451
11.5,0,-0.00690709,-0.0141825,-0.0176451
11.505,0,-0.00690709,-0.0140637,-0.0176451
11.51,0,-0.00690709,-0.0139492,-0.0176451
11.515,0,-0.00690709,-0.0138385,-0.0176451
11.52,0,-0.00690709,-0.0137315,-0.0176451
11.525,0,-0.00690709,-0.0136277,-0.0176451
11.53,0,-0.00690709,-0.0135269,-0.0176451
11.535,0,-0.00690709,-0.0134288,-0.0176451
11.54,0,-0.00690709,-0.0133333,-0.0176451
11.545,0,-0.00690709,-0.01324,-0.0176451
11.55,0,-0.00690709,-0.0131488,-0.0176451
11.555,0,-0.00729109,-0.0128708,-0.0176451
11.56,0,-0.00729109,-0.0127884,-0.0176451
11.565,0,-0.00729109,-0.0127068,-0.0176451
11.57,0,-0.00729109,-0.0126259,-0.0176451
11.575,0,-0.00729109,-0.0125458,-0.0176451
11.58,0,-0.00729109,-0.0124662,-0.0176451
11.585,0,-0.00729109,-0.0123873,-0.0176451
11.59,0,-0.00729109,-0.0123088,-0.0176451
11.595,0,-0.00729109,-0.0122309,-0.0176451
11.6,0,-0.00729109,-0.0121533,-0.0176451
11.605,0,-0.00729109,-0.0120762,-0.0176451
11.61,0,-0.00729109,-0.0119994,-0.0176451
11.615,0,-0.00729109,-0.011923,-0.0176451
11.62,0,-0.00575673,-0.0126007,-0.0161107
11.625,0,-0.00575673,-0.0125043,-0.0161107
11.63,0,-0.00575673,-0.0124113,-0.0161107
11.635,0,-0.00575673,-0.0123213,-0.0161107
11.64,0,-0.00575673,-0.0122341,-0.0161107
11.645,0,-0.00575673,-0.0121495,-0.0161107
11.65,0,-0.00575673,-0.0120672,-0.0161107
11.655,0,-0.00575673,-0.011987,-0.0161107
11.66,0,-0.00575673,-0.0119088,-0.0161107
11.665,0,-0.00575673,-0.0118323,-0.0161107
11.67,0,-0.00613973,-0.0115694,-0.0161107
11.675,0,-0.00613973,-0.0115011,-0.0161107
11.68,0,-0.00613973,-0.0114335,-0.0161107
11.685,0,-0.00613973,-0.0113664,-0.0161107
11.69,0,-0.00613973,-0.0112998,-0.0161107
11.695,0,-0.00613973,-0.0112337,-0.0161107
11.7,0,-0.00613973,-0.0111679,-0.0161107
11.705,0,-0.00613973,-0.0111026,-0.0161107
11.71,0,-0.00613973,-0.0110375,-0.0161107
11.715,0,-0.00613973,-0.0109728,-0.0161107
11.72,0,-0.00613973,-0.0109084,-0.0161107
11.725,0,-0.00613973,-0.0108442,-0.0161107
11.73,0,-0.00613973,-0.0107803,-0.0161107
11.735,0,-0.00613973,-0.0107166,-0.0161107
11.74,0,-0.00613973,-0.0106531,-0.0161107
11.745,0,-0.00460538,-0.0113436,-0.0145764
11.75,0,-0.00460538,-0.0112599,-0.0145764
11.755,0,-0.00460538,-0.0111795,-0.0145764
11.76,0,-0.00460538,-0.011102,-0.0145764
11.765,0,-0.00460538,-0.0110273,-0.0145764
